timestamp,range,station,sat_id,azimuth,elevation,signal_strength
6292.601517792,0.010611950026,cfg1,2,,,
6293.101517526001,0.010594823703,cfg1,2,,,
6293.9015178,0.010567471321,cfg1,2,,,
6294.001517897001,0.010564056665,cfg1,2,,,
6294.101517744,0.010560642978,cfg1,2,,,
6294.601517853,0.010543588689,cfg1,2,,,
6295.001517865,0.010529962422,cfg1,2,,,
6295.101517837001,0.010526558482,cfg1,2,,,
6295.201517809,0.010523155423,cfg1,2,,,
6295.301517781,0.010519753082,cfg1,2,,,
6295.501517849,0.010512951759,cfg1,2,,,
6295.901517861,0.010499361057,cfg1,2,,,
6296.101517805,0.010492571291,cfg1,2,,,
6296.201517652001,0.010489178121,cfg1,2,,,
6296.301517624,0.010485785992,cfg1,2,,,
6296.501517817,0.01047900392,cfg1,2,,,
6296.901517830001,0.010465452539,cfg1,2,,,
6297.001517051999,0.010462067143,cfg1,2,,,
6297.501517785999,0.010445155062,cfg1,2,,,
6297.801517826001,0.010435019688,cfg1,2,,,
6298.101517367002,0.010424893463,cfg1,2,,,
6298.201517838001,0.010421520038,cfg1,2,,,
6298.601517851,0.010408036288,cfg1,2,,,
6298.701517821999,0.010404667807,cfg1,2,,,
6298.801517793999,0.010401300488,cfg1,2,,,
6298.901517266001,0.010397934373,cfg1,2,,,
6299.201517806001,0.010387841139,cfg1,2,,,
6299.301517528001,0.010384478759,cfg1,2,,,
6299.801517261999,0.01036768252,cfg1,2,,,
6299.901517859,0.010364326239,cfg1,2,,,
6300.001517581001,0.010360971055,cfg1,2,,,
6300.101517552,0.010357616993,cfg1,2,,,
6300.201517774001,0.010354263752,cfg1,2,,,
6300.401517343,0.010347560427,cfg1,2,,,
6300.501517815,0.010344210275,cfg1,2,,,
6300.601517786001,0.010340861403,cfg1,2,,,
6300.701517883,0.010337513316,cfg1,2,,,
6300.901517702001,0.010330820637,cfg1,2,,,
6301.001517799,0.010327475588,cfg1,2,,,
6301.101517271,0.010324131956,cfg1,2,,,
6301.201517743,0.010320788829,cfg1,2,,,
6301.801517823,0.010300753666,cfg1,2,,,
6301.901517794999,0.010297418032,cfg1,2,,,
6302.201517836,0.010287417679,cfg1,2,,,
6302.301517807,0.010284086354,cfg1,2,,,
6302.401517779,0.01028075587,cfg1,2,,,
6302.501517001,0.010277426499,cfg1,2,,,
6302.601517848,0.010274098378,cfg1,2,,,
6302.701517695,0.010270771385,cfg1,2,,,
6302.901517763,0.010264119804,cfg1,2,,,
6303.00151786,0.010260795974,cfg1,2,,,
6303.101517832,0.010257472929,cfg1,2,,,
6303.601517816,0.010240873955,cfg1,2,,,
6303.901517856,0.010230927148,cfg1,2,,,
6304.001517828,0.010227614015,cfg1,2,,,
6304.1015178,0.010224301297,cfg1,2,,,
6304.301517494001,0.010217679835,cfg1,2,,,
6304.401517465999,0.010214370687,cfg1,2,,,
6304.501517812001,0.010211062649,cfg1,2,,,
6304.601517784,0.010207755409,cfg1,2,,,
6304.701517756,0.010204449836,cfg1,2,,,
6304.801517853001,0.010201144821,cfg1,2,,,
6305.101517518001,0.010191236348,cfg1,2,,,
6305.201517864998,0.010187935906,cfg1,2,,,
6305.401517434001,0.01018133802,cfg1,2,,,
6305.50151778,0.010178040645,cfg1,2,,,
6305.601517877001,0.010174744545,cfg1,2,,,
6306.601517845,0.010141841606,cfg1,2,,,
6307.001517857,0.010128710971,cfg1,2,,,
6307.401517870001,0.01011559795,cfg1,2,,,
6307.601517813999,0.010109048197,cfg1,2,,,
6308.501516309999,0.010079628258,cfg1,2,,,
6308.701517628001,0.010073102834,cfg1,2,,,
6308.801517349999,0.010069841859,cfg1,2,,,
6308.901517821999,0.010066581759,cfg1,2,,,
6309.001517794001,0.010063322783,cfg1,2,,,
6309.401517805999,0.010050298928,cfg1,2,,,
6309.501517777,0.010047045425,cfg1,2,,,
6309.90151654,0.010034044139,cfg1,2,,,
6310.001517512,0.010030796467,cfg1,2,,,
6310.101517233,0.010027550028,cfg1,2,,,
6310.201517329999,0.010024304718,cfg1,2,,,
6310.401517774001,0.01001781765,cfg1,2,,,
6310.501517746001,0.010014575511,cfg1,2,,,
6310.601517468,0.010011334993,cfg1,2,,,
6310.701517313999,0.010008095306,cfg1,2,,,
6310.801517785999,0.01000485683,cfg1,2,,,
6310.901517758001,0.010001619433,cfg1,2,,,
6311.001517855,0.009998383253,cfg1,2,,,
6311.101517826001,0.009995148113,cfg1,2,,,
6311.201517798001,0.009991914201,cfg1,2,,,
6311.401517866999,0.009985449824,cfg1,2,,,
6311.501517838999,0.00998221941,cfg1,2,,,
6311.601517561001,0.009978989938,cfg1,2,,,
6311.701517782001,0.009975761885,cfg1,2,,,
6312.201517767,0.009959638499,cfg1,2,,,
6313.501517776,0.009917852853,cfg1,2,,,
6314.001517385,0.009901834098,cfg1,2,,,
6314.101517482001,0.009898633685,cfg1,2,,,
6314.401517771999,0.009889040161,cfg1,2,,,
6314.501517744,0.009885844717,cfg1,2,,,
6314.601517841,0.009882650392,cfg1,2,,,
6314.701517562001,0.009879457417,cfg1,2,,,
6314.801517533999,0.009876265365,cfg1,2,,,
6315.001517728,0.009869884997,cfg1,2,,,
6315.101517449999,0.009866696549,cfg1,2,,,
6315.301517394001,0.009860323519,cfg1,2,,,
6315.601517684,0.009850772894,cfg1,2,,,
6315.701517781,0.009847591546,cfg1,2,,,
6315.801517877999,0.009844411533,cfg1,2,,,
6316.101517668,0.009834878741,cfg1,2,,,
6316.301517737,0.009828529683,cfg1,2,,,
6316.501517806001,0.009822185047,cfg1,2,,,
6317.001517791,0.009806345478,cfg1,2,,,
6317.501517774999,0.009790535893,cfg1,2,,,
6317.801517816,0.009781064945,cfg1,2,,,
6317.901517537,0.009777910452,cfg1,2,,,
6318.101517481,0.009771604939,cfg1,2,,,
6318.201517828,0.009768454037,cfg1,2,,,
6318.501517618001,0.009759008676,cfg1,2,,,
6318.601516465,0.009755862811,cfg1,2,,,
6318.701517561999,0.009752718113,cfg1,2,,,
6318.801517659,0.009749574619,cfg1,2,,,
6319.001517478001,0.009743291512,cfg1,2,,,
6319.201517796,0.009737013009,cfg1,2,,,
6319.301517893,0.009733875746,cfg1,2,,,
6319.601517559,0.00972447145,cfg1,2,,,
6320.001517821,0.009711949579,cfg1,2,,,
6320.201517765001,0.009705696199,cfg1,2,,,
6320.601517527,0.009693204667,cfg1,2,,,
6321.001517789,0.009680732951,cfg1,2,,,
6321.101517885999,0.009677618126,cfg1,2,,,
6321.301517455,0.00967139252,cfg1,2,,,
6321.401516426999,0.009668281627,cfg1,2,,,
6321.701517466999,0.009658956222,cfg1,2,,,
6322.001517758001,0.009649642693,cfg1,2,,,
6322.201517450999,0.009643439728,cfg1,2,,,
6322.301517797999,0.009640340282,cfg1,2,,,
6322.40151752,0.009637242091,cfg1,2,,,
6322.501517741,0.009634145326,cfg1,2,,,
6322.601517713,0.009631049564,cfg1,2,,,
6322.701516310001,0.00962795519,cfg1,2,,,
6322.801517781999,0.009624862023,cfg1,2,,,
6322.901517379,0.009621770258,cfg1,2,,,
6323.001516601,0.00961867978,cfg1,2,,,
6323.101517821999,0.009615590516,cfg1,2,,,
6323.201517794001,0.009612502712,cfg1,2,,,
6323.301517391,0.009609416157,cfg1,2,,,
6323.401517862001,0.009606330893,cfg1,2,,,
6323.501517834001,0.009603246862,cfg1,2,,,
6323.601517681,0.009600163911,cfg1,2,,,
6323.701517778001,0.009597082629,cfg1,2,,,
6324.001517818001,0.009587846123,cfg1,2,,,
6324.201517886999,0.009581694927,cfg1,2,,,
6324.401517829999,0.009575548732,cfg1,2,,,
6324.601517398999,0.00956940815,cfg1,2,,,
6324.701517745999,0.009566339747,cfg1,2,,,
6324.801517842999,0.009563272493,cfg1,2,,,
6324.901517815,0.00956020691,cfg1,2,,,
6325.201517605,0.009551017486,cfg1,2,,,
6325.301517827,0.009547956971,cfg1,2,,,
6325.401517673999,0.009544897815,cfg1,2,,,
6325.501517521,0.00954184003,cfg1,2,,,
6325.601517493,0.009538783442,cfg1,2,,,
6325.701517715,0.00953572799,cfg1,2,,,
6325.801517811,0.009532674094,cfg1,2,,,
6326.001517630001,0.009526570299,cfg1,2,,,
6326.101517851999,0.009523520319,cfg1,2,,,
6326.201517824,0.009520471822,cfg1,2,,,
6326.301517670999,0.00951742457,cfg1,2,,,
6326.401517643,0.009514378775,cfg1,2,,,
6326.50151774,0.009511334149,cfg1,2,,,
6326.601517337,0.009508290689,cfg1,2,,,
6326.701517808,0.009505248872,cfg1,2,,,
6326.80151778,0.009502208168,cfg1,2,,,
6326.901517877,0.009499168929,cfg1,2,,,
6327.101517821,0.009493094478,cfg1,2,,,
6327.301517765001,0.009487025427,cfg1,2,,,
6327.401517485999,0.009483992746,cfg1,2,,,
6327.501517708,0.009480961381,cfg1,2,,,
6327.701517652001,0.009474903064,cfg1,2,,,
6327.801517498999,0.009471875998,cfg1,2,,,
6328.001517817,0.009465825916,cfg1,2,,,
6328.101517539,0.009462802906,cfg1,2,,,
6328.201517886001,0.009459780724,cfg1,2,,,
6328.301517733,0.00945676044,cfg1,2,,,
6328.401517704998,0.009453741441,cfg1,2,,,
6328.601517274001,0.009447707429,cfg1,2,,,
6328.701517871,0.009444692648,cfg1,2,,,
6328.901517813999,0.009438666722,cfg1,2,,,
6329.001517785999,0.009435656118,cfg1,2,,,
6329.101517883,0.009432646306,cfg1,2,,,
6329.301517827,0.00942663159,cfg1,2,,,
6329.401517424001,0.009423626289,cfg1,2,,,
6329.501517521,0.009420622256,cfg1,2,,,
6329.601517617999,0.009417619709,cfg1,2,,,
6330.001517505999,0.009405622838,cfg1,2,,,
6330.501517865,0.009390658273,cfg1,2,,,
6330.601517712001,0.009387669325,cfg1,2,,,
6330.801517531,0.009381696053,cfg1,2,,,
6330.901517877,0.009378711386,cfg1,2,,,
6331.001517849,0.009375728123,cfg1,2,,,
6331.201517793,0.009369765925,cfg1,2,,,
6331.301517390001,0.009366786658,cfg1,2,,,
6331.501517833999,0.009360832922,cfg1,2,,,
6331.601517805999,0.009357857874,cfg1,2,,,
6332.201517887,0.009340038459,cfg1,2,,,
6332.401517830001,0.009334109759,cfg1,2,,,
6332.501517677001,0.009331147832,cfg1,2,,,
6332.701517245999,0.009325227558,cfg1,2,,,
6332.801517842999,0.009322269686,cfg1,2,,,
6333.101517383,0.009313404293,cfg1,2,,,
6333.201517604998,0.009310452268,cfg1,2,,,
6333.401517799,0.009304552046,cfg1,2,,,
6333.501517771,0.00930160419,cfg1,2,,,
6333.801517811,0.009292768809,cfg1,2,,,
6333.901517782999,0.009289826824,cfg1,2,,,
6334.00151788,0.009286885727,cfg1,2,,,
6334.101517852,0.009283946424,cfg1,2,,,
6334.201517449,0.00928100863,cfg1,2,,,
6334.301516921,0.00927807218,cfg1,2,,,
6334.401517143,0.009275137116,cfg1,2,,,
6334.501517864,0.009272203476,cfg1,2,,,
6334.601517711,0.009269271362,cfg1,2,,,
6334.801516905001,0.009263411505,cfg1,2,,,
6335.001516724,0.009257557355,cfg1,2,,,
6335.301517764,0.009248786835,cfg1,2,,,
6335.501517833001,0.009242947214,cfg1,2,,,
6335.901517595,0.009231285398,cfg1,2,,,
6336.101517414001,0.009225463319,cfg1,2,,,
6336.201517761,0.009222554556,cfg1,2,,,
6336.301517857001,0.009219647189,cfg1,2,,,
6336.401517829,0.009216740902,cfg1,2,,,
6336.601517773,0.009210933514,cfg1,2,,,
6336.701517245001,0.009208032223,cfg1,2,,,
6336.801517842001,0.009205132182,cfg1,2,,,
6336.901517813999,0.009202233544,cfg1,2,,,
6337.001517535,0.009199336428,cfg1,2,,,
6337.201517729001,0.009193546711,cfg1,2,,,
6337.301517701,0.009190654087,cfg1,2,,,
6337.401517422999,0.009187762839,cfg1,2,,,
6337.501517769999,0.009184873261,cfg1,2,,,
6337.601517867,0.009181985037,cfg1,2,,,
6337.901517782001,0.009173329379,cfg1,2,,,
6338.101517600998,0.009167566528,cfg1,2,,,
6338.201517823002,0.009164687276,cfg1,2,,,
6338.30151742,0.009161809698,cfg1,2,,,
6338.401517767,0.00915893325,cfg1,2,,,
6338.501517864,0.009156058473,cfg1,2,,,
6338.701517806999,0.009150313439,cfg1,2,,,
6338.801517654001,0.009147443487,cfg1,2,,,
6338.901517750999,0.009144574639,cfg1,2,,,
6339.10151782,0.009138841686,cfg1,2,,,
6339.201517791,0.009135977628,cfg1,2,,,
6339.301517638002,0.009133114731,cfg1,2,,,
6339.40151786,0.009130253662,cfg1,2,,,
6339.501517832,0.009127393849,cfg1,2,,,
6339.601517804,0.009124535704,cfg1,2,,,
6340.101517789001,0.009110267678,cfg1,2,,,
6340.301517857001,0.009104571317,cfg1,2,,,
6340.401517829,0.009101725072,cfg1,2,,,
6340.601517522999,0.009096037807,cfg1,2,,,
6340.801517842001,0.0090903565,cfg1,2,,,
6340.901517688,0.009087518278,cfg1,2,,,
6341.101517881999,0.00908184615,cfg1,2,,,
6341.201517604,0.009079012349,cfg1,2,,,
6341.301517701,0.009076180248,cfg1,2,,,
6341.601517867,0.009067692944,cfg1,2,,,
6341.801517810001,0.009062042449,cfg1,2,,,
6341.901516781999,0.009059219539,cfg1,2,,,
6342.101517226001,0.009053578512,cfg1,2,,,
6342.401516267002,0.009045128219,cfg1,2,,,
6342.501517863,0.009042314717,cfg1,2,,,
6342.601517209999,0.009039502634,cfg1,2,,,
6342.701517806999,0.009036692207,cfg1,2,,,
6342.801517779,0.009033883368,cfg1,2,,,
6342.901517125999,0.009031075927,cfg1,2,,,
6343.301517763,0.009019862172,cfg1,2,,,
6343.601517678999,0.009011468504,cfg1,2,,,
6343.801517873,0.009005880517,cfg1,2,,,
6343.901517845,0.009003088762,cfg1,2,,,
6344.101517414001,0.008997510418,cfg1,2,,,
6344.201517885,0.00899472355,cfg1,2,,,
6344.301517857001,0.008991938311,cfg1,2,,,
6344.601517773,0.008983591872,cfg1,2,,,
6344.70151762,0.008980813078,cfg1,2,,,
6344.801517592,0.008978035753,cfg1,2,,,
6345.001517785999,0.008972485728,cfg1,2,,,
6345.201517229999,0.008966942147,cfg1,2,,,
6345.301517326999,0.008964172727,cfg1,2,,,
6345.401517797999,0.008961405338,cfg1,2,,,
6345.501517895,0.008958638887,cfg1,2,,,
6345.601517867,0.00895587452,cfg1,2,,,
6345.701517339,0.008953111531,cfg1,2,,,
6345.801517811,0.008950350191,cfg1,2,,,
6345.901517657999,0.0089475904,cfg1,2,,,
6346.00151788,0.008944832235,cfg1,2,,,
6346.101517852,0.008942075641,cfg1,2,,,
6346.201517823999,0.008939320855,cfg1,2,,,
6346.301517421001,0.008936567724,cfg1,2,,,
6346.401517641999,0.008933815969,cfg1,2,,,
6346.501517364,0.008931065836,cfg1,2,,,
6346.601517836001,0.008928317489,cfg1,2,,,
6347.101517821001,0.008914599714,cfg1,2,,,
6347.201517793,0.008911860906,cfg1,2,,,
6347.401517737,0.008906388548,cfg1,2,,,
6347.601517805999,0.008900922884,cfg1,2,,,
6347.901517846002,0.008892736064,cfg1,2,,,
6348.201517637,0.008884564264,cfg1,2,,,
6348.301516984,0.008881843437,cfg1,2,,,
6348.401517706001,0.008879124685,cfg1,2,,,
6348.501517553,0.008876407003,cfg1,2,,,
6348.801516219,0.008868265041,cfg1,2,,,
6348.901517816001,0.008865554394,cfg1,2,,,
6349.401517425,0.008852025216,cfg1,2,,,
6349.501517646999,0.008849324613,cfg1,2,,,
6349.601517244,0.008846625609,cfg1,2,,,
6349.701517841001,0.008843927941,cfg1,2,,,
6350.001517882001,0.008835845842,cfg1,2,,,
6350.401517768998,0.008825092769,cfg1,2,,,
6352.101517166999,0.008779693552,cfg1,2,,,
6352.501517804,0.008769082725,cfg1,2,,,
6352.801517845,0.008761143009,cfg1,2,,,
6352.901517692,0.008758499679,cfg1,2,,,
6353.201517858001,0.00875058006,cfg1,2,,,
6353.701517841999,0.008737415511,cfg1,2,,,
6353.801517689001,0.008734787784,cfg1,2,,,
6353.901517786001,0.008732161714,cfg1,2,,,
6354.201517327,0.00872429441,cfg1,2,,,
6355.101517574001,0.008700785711,cfg1,2,,,
6355.201517670999,0.008698182439,cfg1,2,,,
6355.801517877,0.008682599454,cfg1,2,,,
6356.001517821,0.008677419112,cfg1,2,,,
6356.401517833,0.008667080006,cfg1,2,,,
6356.501517805,0.008664499838,cfg1,2,,,
6356.701517874001,0.008659344356,cfg1,2,,,
6356.801517846001,0.008656769525,cfg1,2,,,
6356.901517317999,0.008654196135,cfg1,2,,,
6357.401517678001,0.008641356731,cfg1,2,,,
6358.101517856001,0.008623456849,cfg1,2,,,
6359.201517172,0.008595507473,cfg1,2,,,
6359.301517769001,0.008592977415,cfg1,2,,,
6359.401517241,0.008590449317,cfg1,2,,,
6359.701517782001,0.008582875865,cfg1,2,,,
6360.101517419,0.008572803193,cfg1,2,,,
6360.601517778999,0.008560254069,cfg1,2,,,
6361.001517791,0.008550247845,cfg1,2,,,
6361.101517763,0.008547751169,cfg1,2,,,
6361.201517735,0.008545256136,cfg1,2,,,
6361.301517832,0.008542762919,cfg1,2,,,
6361.701516969999,0.00853280871,cfg1,2,,,
6361.901517413,0.008527842767,cfg1,2,,,
6362.101516732,0.008522884005,cfg1,2,,,
6362.301517551,0.008517933264,cfg1,2,,,
6362.701517813,0.008508053583,cfg1,2,,,
6362.801517785,0.008505588419,cfg1,2,,,
6363.001517603999,0.008500663764,cfg1,2,,,
6363.101517826002,0.008498204031,cfg1,2,,,
6363.201517796998,0.008495746712,cfg1,2,,,
6363.301517769,0.008493290779,cfg1,2,,,
6363.501517713,0.008488384895,cfg1,2,,,
6363.60151756,0.008485934755,cfg1,2,,,
6363.701517782001,0.008483486551,cfg1,2,,,
6363.801517878999,0.00848104025,cfg1,2,,,
6363.901517851,0.008478595858,cfg1,2,,,
6364.101517545,0.008473712539,cfg1,2,,,
6364.301517488998,0.008468837257,cfg1,2,,,
6364.501517557,0.008463969312,cfg1,2,,,
6365.101517889,0.008449411566,cfg1,2,,,
6365.301517832,0.008444574282,cfg1,2,,,
6365.501517776,0.008439744628,cfg1,2,,,
6365.601517748,0.008437332944,cfg1,2,,,
6365.801517817,0.008432514708,cfg1,2,,,
6366.001517885,0.008427704477,cfg1,2,,,
6366.501517869999,0.008415712697,cfg1,2,,,
6366.801516911,0.00840854094,cfg1,2,,,
6366.901517632,0.008406154247,cfg1,2,,,
6367.30151752,0.008396626995,cfg1,2,,,
6367.401517617,0.008394249958,cfg1,2,,,
6370.401517775,0.008323859691,cfg1,2,,,
6370.601517594999,0.008319230983,cfg1,2,,,
6370.901517885001,0.008312302666,cfg1,2,,,
6371.001517857,0.008309997425,cfg1,2,,,
6371.101517828998,0.008307693801,cfg1,2,,,
6371.201517801,0.008305392724,cfg1,2,,,
6371.301517398001,0.008303093327,cfg1,2,,,
6371.501517592,0.008298500719,cfg1,2,,,
6371.601517439,0.00829620769,cfg1,2,,,
6371.701517785999,0.008293916206,cfg1,2,,,
6371.801517758001,0.008291627215,cfg1,2,,,
6372.101517674001,0.008284771708,cfg1,2,,,
6372.201517895999,0.008282490671,cfg1,2,,,
6372.301517493,0.008280211866,cfg1,2,,,
6372.501517187,0.008275659865,cfg1,2,,,
6372.601517783002,0.008273387006,cfg1,2,,,
6372.70151788,0.008271116107,cfg1,2,,,
6372.801517477,0.008268847466,cfg1,2,,,
6372.901517823999,0.008266580596,cfg1,2,,,
6373.001517296,0.008264316208,cfg1,2,,,
6373.101517768,0.008262053368,cfg1,2,,,
6373.601517628,0.008250771171,cfg1,2,,,
6373.701517849999,0.008248520886,cfg1,2,,,
6374.001517265999,0.008241782841,cfg1,2,,,
6374.101517612,0.008239540585,cfg1,2,,,
6374.401517778001,0.008232827286,cfg1,2,,,
6374.601517847,0.00822836167,cfg1,2,,,
6374.801517791,0.008223904846,cfg1,2,,,
6375.00151786,0.00821945616,cfg1,2,,,
6375.401517748,0.008210583993,cfg1,2,,,
6375.801517760998,0.008201745467,cfg1,2,,,
6376.001517829,0.008197338589,cfg1,2,,,
6376.201517773001,0.00819294026,cfg1,2,,,
6376.30151762,0.00819074426,cfg1,2,,,
6376.401517592,0.008188550473,cfg1,2,,,
6376.701517883,0.008181981659,cfg1,2,,,
6377.101517521,0.008173252527,cfg1,2,,,
6377.401517812,0.008166728105,cfg1,2,,,
6377.60151788,0.008162388988,cfg1,2,,,
6377.701517852,0.008160222634,cfg1,2,,,
6378.301516933999,0.008147269934,cfg1,2,,,
6378.501517628,0.008142969338,cfg1,2,,,
6378.601516475,0.008140822397,cfg1,2,,,
6379.201517806001,0.008127985621,cfg1,2,,,
6379.701517791,0.008117347566,cfg1,2,,,
6380.001517832,0.008110990636,cfg1,2,,,
6380.201517776,0.008106763646,cfg1,2,,,
6380.301517873,0.00810465369,cfg1,2,,,
6380.401517470001,0.008102545385,cfg1,2,,,
6380.501517566999,0.008100439569,cfg1,2,,,
6380.70151776,0.008096234145,cfg1,2,,,
6380.801517857001,0.008094135218,cfg1,2,,,
6380.901517829,0.008092037894,cfg1,2,,,
6381.001517551,0.008089943118,cfg1,2,,,
6381.101517273001,0.008087850259,cfg1,2,,,
6381.201517870001,0.008085759571,cfg1,2,,,
6381.301517842001,0.008083671312,cfg1,2,,,
6382.101517867,0.008067043685,cfg1,2,,,
6382.301517811,0.008062908671,cfg1,2,,,
6382.501517505,0.008058782957,cfg1,2,,,
6382.601516852001,0.00805672303,cfg1,2,,,
6382.701517822999,0.008054665692,cfg1,2,,,
6382.801517795,0.008052610437,cfg1,2,,,
6383.001517364,0.008048506869,cfg1,2,,,
6383.201517807999,0.008044411827,cfg1,2,,,
6383.401517877,0.008040325916,cfg1,2,,,
6383.501517848001,0.00803828632,cfg1,2,,,
6383.60151782,0.008036248802,cfg1,2,,,
6383.701517792,0.008034213791,cfg1,2,,,
6383.801517889,0.008032180791,cfg1,2,,,
6383.901517861,0.008030150059,cfg1,2,,,
6384.001517708,0.008028121597,cfg1,2,,,
6384.101517805001,0.00802609539,cfg1,2,,,
6384.201517401999,0.008024071472,cfg1,2,,,
6384.301517624,0.008022050015,cfg1,2,,,
6384.401517595,0.008020030319,cfg1,2,,,
6384.701517886001,0.008013985359,cfg1,2,,,
6384.801517858001,0.008011975192,cfg1,2,,,
6385.301517842001,0.008001956794,cfg1,2,,,
6385.401517813999,0.007999959894,cfg1,2,,,
6385.601517882999,0.007995973003,cfg1,2,,,
6385.701517853999,0.007993982868,cfg1,2,,,
6385.801517826001,0.007991995002,cfg1,2,,,
6385.901517423,0.007990009508,cfg1,2,,,
6386.001517769999,0.007988026263,cfg1,2,,,
6386.101517742001,0.007986045413,cfg1,2,,,
6386.201517714001,0.007984066653,cfg1,2,,,
6386.301517061,0.007982090233,cfg1,2,,,
6386.401517782001,0.007980116251,cfg1,2,,,
6386.801517795,0.007972242312,cfg1,2,,,
6386.901517641999,0.007970279883,cfg1,2,,,
6387.001517613999,0.00796831934,cfg1,2,,,
6387.101517336,0.00796636143,cfg1,2,,,
6387.201516183,0.007964405679,cfg1,2,,,
6387.401517501,0.007960500981,cfg1,2,,,
6387.601517570001,0.007956605426,cfg1,2,,,
6387.701517792,0.007954661053,cfg1,2,,,
6388.201517776,0.007944974435,cfg1,2,,,
6388.301517498001,0.007943043767,cfg1,2,,,
6388.601517788,0.007937266559,cfg1,2,,,
6388.70151776,0.007935345496,cfg1,2,,,
6388.901517829,0.007931510181,cfg1,2,,,
6389.001517300998,0.007929595973,cfg1,2,,,
6389.101517773,0.007927684147,cfg1,2,,,
6389.301517842001,0.007923867532,cfg1,2,,,
6389.501517785,0.007920060164,cfg1,2,,,
6389.701517479,0.007916262182,cfg1,2,,,
6390.101517867,0.007908694564,cfg1,2,,,
6390.301517811,0.007904924685,cfg1,2,,,
6390.801517545,0.007895541092,cfg1,2,,,
6391.001517863999,0.007891804296,cfg1,2,,,
6391.401517501001,0.007884358924,cfg1,2,,,
6391.701517417,0.007878799985,cfg1,2,,,
6391.901517861,0.007875105829,cfg1,2,,,
6392.201517652,0.007869582265,cfg1,2,,,
6392.301517873999,0.007867745903,cfg1,2,,,
6392.501517818001,0.007864080302,cfg1,2,,,
6392.701517887,0.007860424266,cfg1,2,,,
6392.801517857999,0.007858599796,cfg1,2,,,
6392.901517455,0.00785677786,cfg1,2,,,
6393.101517774001,0.007853140807,cfg1,2,,,
6393.201517496,0.007851326022,cfg1,2,,,
6393.401517815,0.007847703462,cfg1,2,,,
6393.501517787,0.007845895889,cfg1,2,,,
6393.601517633999,0.00784409044,cfg1,2,,,
6393.701517856,0.007842287719,cfg1,2,,,
6393.901517799,0.007838689329,cfg1,2,,,
6394.001516896,0.007836893713,cfg1,2,,,
6394.101517868,0.007835100587,cfg1,2,,,
6394.20151784,0.007833309852,cfg1,2,,,
6394.401517784,0.007829735511,cfg1,2,,,
6394.501517630999,0.007827951924,cfg1,2,,,
6394.601517853,0.007826170865,cfg1,2,,,
6394.701517825001,0.007824392484,cfg1,2,,,
6394.801517547,0.007822616033,cfg1,2,,,
6394.901517768,0.007820842093,cfg1,2,,,
6395.201517808998,0.007815535519,cfg1,2,,,
6395.301517781,0.007813771384,cfg1,2,,,
6395.401517753,0.007812009576,cfg1,2,,,
6395.5015176,0.007810250577,cfg1,2,,,
6395.601517821999,0.007808493729,cfg1,2,,,
6395.701517544,0.007806739359,cfg1,2,,,
6395.901517863,0.007803238025,cfg1,2,,,
6396.201517528001,0.007798004409,cfg1,2,,,
6396.501517818999,0.007792792723,cfg1,2,,,
6396.701517513001,0.007789330997,cfg1,2,,,
6396.80151786,0.007787603444,cfg1,2,,,
6396.901517831002,0.007785878498,cfg1,2,,,
6397.001517553,0.007784156084,cfg1,2,,,
6397.1015179,0.00778243612,cfg1,2,,,
6397.201517872,0.007780718547,cfg1,2,,,
6397.501517788,0.00777558092,cfg1,2,,,
6397.701517481,0.007772168195,cfg1,2,,,
6397.801517828,0.007770465446,cfg1,2,,,
6397.901516549999,0.007768765316,cfg1,2,,,
6398.001517521999,0.007767067495,cfg1,2,,,
6398.101517869001,0.007765372307,cfg1,2,,,
6398.201517716001,0.007763679465,cfg1,2,,,
6398.301517813,0.007761989248,cfg1,2,,,
6398.501517881,0.007758616295,cfg1,2,,,
6398.601517853,0.007756933421,cfg1,2,,,
6398.701517450001,0.007755253122,cfg1,2,,,
6398.801517797,0.007753575316,cfg1,2,,,
6398.901517768998,0.0077519,cfg1,2,,,
6399.101517712,0.007748556779,cfg1,2,,,
6399.201517434001,0.007746888941,cfg1,2,,,
6399.301517781001,0.007745223526,cfg1,2,,,
6399.401517503,0.007743560831,cfg1,2,,,
6399.501517725,0.007741900473,cfg1,2,,,
6399.601517572,0.007740242685,cfg1,2,,,
6399.901517362999,0.007735284201,cfg1,2,,,
6400.101517807,0.007731991054,cfg1,2,,,
6400.201517778999,0.007730348437,cfg1,2,,,
6400.301517876,0.007728708015,cfg1,2,,,
6400.401517847,0.007727070508,cfg1,2,,,
6400.501517694001,0.007725435337,cfg1,2,,,
6400.601517667,0.007723802666,cfg1,2,,,
6400.701517513,0.007722172574,cfg1,2,,,
6400.80151786,0.007720544655,cfg1,2,,,
6400.901517706999,0.007718919969,cfg1,2,,,
6401.201517873,0.007714059667,cfg1,2,,,
6401.401517817,0.007710832259,cfg1,2,,,
6401.701517857,0.007706010127,cfg1,2,,,
6401.801517829001,0.007704407807,cfg1,2,,,
6401.901517425999,0.007702808075,cfg1,2,,,
6402.001517648,0.007701210872,cfg1,2,,,
6402.101516245999,0.007699616164,cfg1,2,,,
6402.201517592,0.007698024079,cfg1,2,,,
6402.301517814001,0.007696434669,cfg1,2,,,
6402.401517786001,0.007694847589,cfg1,2,,,
6402.501517883,0.007693263062,cfg1,2,,,
6402.60151748,0.007691681263,cfg1,2,,,
6402.701517077,0.007690101994,cfg1,2,,,
6402.801517799,0.007688525077,cfg1,2,,,
6402.901517395999,0.007686950937,cfg1,2,,,
6403.101517838999,0.007683810226,cfg1,2,,,
6403.201517810999,0.007682243649,cfg1,2,,,
6403.40151788,0.007679118088,cfg1,2,,,
6403.601517824,0.007676003096,cfg1,2,,,
6403.901517863999,0.007671349579,cfg1,2,,,
6404.001517836,0.007669803714,cfg1,2,,,
6404.101517682999,0.007668260352,cfg1,2,,,
6404.20151778,0.007666719633,cfg1,2,,,
6404.301517752,0.007665181479,cfg1,2,,,
6404.501517821,0.007662112757,cfg1,2,,,
6404.601517793,0.00766058205,cfg1,2,,,
6404.70151764,0.007659054428,cfg1,2,,,
6404.801517861999,0.007657528929,cfg1,2,,,
6404.901517708998,0.007656006137,cfg1,2,,,
6405.101517778001,0.007652968627,cfg1,2,,,
6405.201517874001,0.007651453749,cfg1,2,,,
6405.301517846999,0.007649941152,cfg1,2,,,
6405.501517790001,0.007646924467,cfg1,2,,,
6405.601517762001,0.007645419947,cfg1,2,,,
6405.701517858999,0.007643917847,cfg1,2,,,
6405.801517706001,0.007642418773,cfg1,2,,,
6405.901517803,0.007640921854,cfg1,2,,,
6406.001517775,0.007639427851,cfg1,2,,,
6406.301517816,0.007634961054,cfg1,2,,,
6406.401517786999,0.007633477509,cfg1,2,,,
6406.501517509999,0.007631996593,cfg1,2,,,
6406.601517731002,0.007630518085,cfg1,2,,,
6406.701517577999,0.007629042189,cfg1,2,,,
6406.8015178,0.007627569062,cfg1,2,,,
6406.901517772,0.00762609844,cfg1,2,,,
6407.001517744,0.00762463074,cfg1,2,,,
6407.101517841001,0.007623165361,cfg1,2,,,
6407.201517813,0.007621702401,cfg1,2,,,
6407.501517353999,0.007617330175,cfg1,2,,,
6407.801517394001,0.007612981654,cfg1,2,,,
6407.901517741001,0.007611537364,cfg1,2,,,
6408.201517657,0.007607220562,cfg1,2,,,
6408.301517504,0.007605786471,cfg1,2,,,
6408.501517822001,0.00760292711,cfg1,2,,,
6408.801517863,0.007598657882,cfg1,2,,,
6408.901517835,0.007597240082,cfg1,2,,,
6409.001517807,0.007595824772,cfg1,2,,,
6409.201517750999,0.007593002468,cfg1,2,,,
6409.301517846999,0.007591595347,cfg1,2,,,
6409.401517818999,0.00759019077,cfg1,2,,,
6409.501517666001,0.007588788976,cfg1,2,,,
6409.601517388,0.007587389844,cfg1,2,,,
6409.801517832,0.007584599334,cfg1,2,,,
6409.901517304,0.007583208172,cfg1,2,,,
6410.101517373001,0.007580433697,cfg1,2,,,
6410.401517788,0.007576292294,cfg1,2,,,
6410.601517357001,0.00757354443,cfg1,2,,,
6410.801517801001,0.007570807563,cfg1,2,,,
6410.901517523,0.007569442931,cfg1,2,,,
6411.001517495,0.007568081349,cfg1,2,,,
6411.101517841,0.007566722255,cfg1,2,,,
6411.201517813,0.007565365881,cfg1,2,,,
6411.301517410001,0.007564012002,cfg1,2,,,
6411.601517826002,0.007559966995,cfg1,2,,,
6412.101517185999,0.007553279255,cfg1,2,,,
6412.30151788,0.007550623069,cfg1,2,,,
6412.501517822999,0.007547977553,cfg1,2,,,
6412.601516170001,0.00754665905,cfg1,2,,,
6412.701517767,0.007545343123,cfg1,2,,,
6413.001517807,0.007541411601,cfg1,2,,,
6413.101517779,0.007540106376,cfg1,2,,,
6413.201517876,0.007538804103,cfg1,2,,,
6413.301517848,0.007537504398,cfg1,2,,,
6413.401517695,0.007536207602,cfg1,2,,,
6413.601517889,0.00753362191,cfg1,2,,,
6413.701517861,0.007532332979,cfg1,2,,,
6413.801517457999,0.007531046927,cfg1,2,,,
6413.901517805001,0.007529763658,cfg1,2,,,
6414.101517623999,0.00752720524,cfg1,2,,,
6414.501517886001,0.007522121112,cfg1,2,,,
6414.601517858001,0.007520857004,cfg1,2,,,
6414.701517705,0.007519595438,cfg1,2,,,
6414.801517677001,0.00751833662,cfg1,2,,,
6414.901517898999,0.007517080813,cfg1,2,,,
6415.001517869999,0.007515827455,cfg1,2,,,
6415.301517785999,0.007512084228,cfg1,2,,,
6415.401517883,0.00751084175,cfg1,2,,,
6415.50151748,0.007509602306,cfg1,2,,,
6415.601517826001,0.007508365559,cfg1,2,,,
6415.801517769999,0.007505900384,cfg1,2,,,
6415.901517866999,0.007504671808,cfg1,2,,,
6416.001517838999,0.007503445943,cfg1,2,,,
6416.101517811,0.00750222319,cfg1,2,,,
6416.301517754999,0.007499785378,cfg1,2,,,
6416.401516352,0.007498570526,cfg1,2,,,
6416.501517822999,0.007497358504,cfg1,2,,,
6416.701517767,0.007494942978,cfg1,2,,,
6416.801516114001,0.007493739382,cfg1,2,,,
6416.901517836,0.007492538239,cfg1,2,,,
6417.101517778999,0.007490144935,cfg1,2,,,
6417.501517792,0.007485391104,cfg1,2,,,
6417.701516736,0.007483030658,cfg1,2,,,
6418.001516901001,0.007479511184,cfg1,2,,,
6418.201517845,0.007477178861,cfg1,2,,,
6418.301517816,0.007476016875,cfg1,2,,,
6418.401517413999,0.007474857572,cfg1,2,,,
6418.501517884998,0.007473701064,cfg1,2,,,
6418.601517857,0.007472547473,cfg1,2,,,
6418.801517676,0.007470248338,cfg1,2,,,
6418.901517523,0.007469103356,cfg1,2,,,
6419.001517495,0.007467960581,cfg1,2,,,
6419.101517717,0.007466821045,cfg1,2,,,
6419.601516452,0.007461164405,cfg1,2,,,
6419.701517798001,0.007460041588,cfg1,2,,,
6419.80151752,0.007458921467,cfg1,2,,,
6420.101517561,0.007455577828,cfg1,2,,,
6420.701517893,0.007448966962,cfg1,2,,,
6420.801517865,0.007447874888,cfg1,2,,,
6420.901517711,0.007446785816,cfg1,2,,,
6421.001517808,0.007445699307,cfg1,2,,,
6421.10151778,0.007444615727,cfg1,2,,,
6421.201517376998,0.007443535186,cfg1,2,,,
6421.301517849001,0.007442457325,cfg1,2,,,
6421.401517571,0.007441382265,cfg1,2,,,
6421.501517293,0.007440309985,cfg1,2,,,
6421.601517889999,0.00743924067,cfg1,2,,,
6421.701517861,0.007438174258,cfg1,2,,,
6421.801517708,0.007437110453,cfg1,2,,,
6421.901517430001,0.00743604941,cfg1,2,,,
6422.101517873999,0.007433936158,cfg1,2,,,
6422.601517484,0.007428702704,cfg1,2,,,
6423.001517372,0.007424566854,cfg1,2,,,
6423.101517469,0.00742353986,cfg1,2,,,
6423.301517786999,0.00742149488,cfg1,2,,,
6423.401517884,0.007420476431,cfg1,2,,,
6423.501517856,0.007419461193,cfg1,2,,,
6423.601517578001,0.007418448579,cfg1,2,,,
6423.7015178,0.007417438929,cfg1,2,,,
6423.801517771999,0.007416431703,cfg1,2,,,
6423.901517493999,0.007415427709,cfg1,2,,,
6424.001517841001,0.007414426769,cfg1,2,,,
6424.101517688,0.00741342838,cfg1,2,,,
6424.201517785,0.007412432895,cfg1,2,,,
6424.501517825,0.007409463854,cfg1,2,,,
6424.601517297,0.007408479801,cfg1,2,,,
6425.101517781999,0.007403602953,cfg1,2,,,
6425.301517849999,0.007401672127,cfg1,2,,,
6425.401517822001,0.007400711265,cfg1,2,,,
6425.601517891,0.007398797621,cfg1,2,,,
6425.701517863,0.007397845185,cfg1,2,,,
6426.401517541001,0.007391258816,cfg1,2,,,
6427.001517873,0.007385726092,cfg1,2,,,
6427.301517413999,0.007382998577,cfg1,2,,,
6427.801517398001,0.007378510751,cfg1,2,,,
6428.40151648,0.00737322097,cfg1,2,,,
6428.601517797999,0.007371481184,cfg1,2,,,
6428.701517769998,0.007370615518,cfg1,2,,,
6428.801517492,0.007369752604,cfg1,2,,,
6428.901517839,0.007368892934,cfg1,2,,,
6429.001517561,0.007368035849,cfg1,2,,,
6429.101517783,0.007367182074,cfg1,2,,,
6429.201517879,0.007366331052,cfg1,2,,,
6429.301517851,0.007365482722,cfg1,2,,,
6429.401517823,0.007364637407,cfg1,2,,,
6429.601517767,0.00736295599,cfg1,2,,,
6429.701517864001,0.007362119233,cfg1,2,,,
6429.801517836,0.007361285687,cfg1,2,,,
6430.00151778,0.007359627403,cfg1,2,,,
6430.101517877001,0.007358802434,cfg1,2,,,
6430.201517474001,0.007357980746,cfg1,2,,,
6430.301517821,0.007357162041,cfg1,2,,,
6430.601517861,0.007354722447,cfg1,2,,,
6430.701517833,0.007353915201,cfg1,2,,,
6430.801517555,0.007353110971,cfg1,2,,,
6430.901517777001,0.007352309705,cfg1,2,,,
6431.001517873,0.00735151118,cfg1,2,,,
6431.201517817,0.007349923104,cfg1,2,,,
6431.401517885999,0.007348346967,cfg1,2,,,
6431.601517705001,0.007346782413,cfg1,2,,,
6431.701517551999,0.00734600416,cfg1,2,,,
6431.801517024,0.007345229398,cfg1,2,,,
6431.90151762,0.007344457252,cfg1,2,,,
6432.101517314002,0.007342922095,cfg1,2,,,
6432.201517786001,0.00734215874,cfg1,2,,,
6432.301517883,0.007341398522,cfg1,2,,,
6432.601517549001,0.007339135822,cfg1,2,,,
6432.701517645999,0.007338387244,cfg1,2,,,
6432.801516868,0.007337641712,cfg1,2,,,
6432.90151784,0.007336899126,cfg1,2,,,
6433.001517437,0.007336159599,cfg1,2,,,
6433.101517783,0.007335423053,cfg1,2,,,
6433.20151788,0.007334689132,cfg1,2,,,
6433.301517852001,0.007333958588,cfg1,2,,,
6433.401516199,0.007333230474,cfg1,2,,,
6433.501517421,0.007332506059,cfg1,2,,,
6433.601517768,0.007331783896,cfg1,2,,,
6433.70151774,0.007331065013,cfg1,2,,,
6433.801517837001,0.007330348894,cfg1,2,,,
6434.001517781,0.007328926123,cfg1,2,,,
6434.101517877999,0.007328219052,cfg1,2,,,
6434.201516225,0.007327514745,cfg1,2,,,
6434.301517821999,0.007326813542,cfg1,2,,,
6434.401517794001,0.007326115419,cfg1,2,,,
6434.701517833999,0.007324038623,cfg1,2,,,
6434.901517778001,0.007322668985,cfg1,2,,,
6435.001517375,0.007321988552,cfg1,2,,,
6435.101517847,0.007321310989,cfg1,2,,,
6435.201517819002,0.00732063652,cfg1,2,,,
6435.301517291,0.007319965243,cfg1,2,,,
6435.401517761999,0.007319296638,cfg1,2,,,
6435.501517859,0.007318631087,cfg1,2,,,
6435.601517581,0.007317968336,cfg1,2,,,
6435.701517802999,0.007317308689,cfg1,2,,,
6435.901517872001,0.007315998554,cfg1,2,,,
6436.001517844,0.007315347919,cfg1,2,,,
6436.101517690999,0.007314700329,cfg1,2,,,
6436.201517787,0.007314055573,cfg1,2,,,
6436.301517385,0.007313413688,cfg1,2,,,
6436.701517397,0.007310876513,cfg1,2,,,
6436.901517465999,0.00730962571,cfg1,2,,,
6437.001517813,0.007309005079,cfg1,2,,,
6437.101517785001,0.007308387003,cfg1,2,,,
6437.401517825,0.007306551521,cfg1,2,,,
6437.501517547,0.007305945623,cfg1,2,,,
6437.601517769,0.007305342512,cfg1,2,,,
6437.701517866001,0.007304742436,cfg1,2,,,
6437.801517588,0.007304145498,cfg1,2,,,
6438.001517657001,0.007302960476,cfg1,2,,,
6438.101517754001,0.007302372753,cfg1,2,,,
6438.201517476,0.007301787818,cfg1,2,,,
6438.301517448,0.007301205842,cfg1,2,,,
6438.401516295,0.007300626538,cfg1,2,,,
6438.501517891,0.007300050477,cfg1,2,,,
6438.601517862999,0.007299477571,cfg1,2,,,
6438.801517807,0.007298340557,cfg1,2,,,
6438.901517779,0.007297776657,cfg1,2,,,
6439.001517876,0.007297215445,cfg1,2,,,
6439.101517847,0.007296657537,cfg1,2,,,
6439.201517819,0.007296102565,cfg1,2,,,
6439.301517791,0.007295550363,cfg1,2,,,
6439.501517859999,0.007294455511,cfg1,2,,,
6440.00151772,0.007291770574,cfg1,2,,,
6440.101517566001,0.00729124266,cfg1,2,,,
6440.201517788,0.007290717809,cfg1,2,,,
6440.401517857,0.007289676713,cfg1,2,,,
6440.501517454001,0.007289160925,cfg1,2,,,
6440.601517801,0.007288647711,cfg1,2,,,
6440.701517523,0.007288137818,cfg1,2,,,
6440.801517869999,0.007287630941,cfg1,2,,,
6441.001517688,0.007286626326,cfg1,2,,,
6441.10151766,0.007286128019,cfg1,2,,,
6441.301517479,0.007285141585,cfg1,2,,,
6441.401517825999,0.007284652569,cfg1,2,,,
6441.601517770001,0.00728368404,cfg1,2,,,
6441.701517741,0.007283204169,cfg1,2,,,
6441.901517810001,0.007282253806,cfg1,2,,,
6442.301517823,0.007280389026,cfg1,2,,,
6442.601517613001,0.007279022036,cfg1,2,,,
6442.701517585,0.007278572471,cfg1,2,,,
6443.201517819,0.007276369934,cfg1,2,,,
6443.301517791,0.007275938427,cfg1,2,,,
6443.401517137999,0.007275510255,cfg1,2,,,
6443.50151786,0.007275084725,cfg1,2,,,
6443.601517832,0.007274662522,cfg1,2,,,
6443.701517554001,0.007274243046,cfg1,2,,,
6443.801517776,0.007273826635,cfg1,2,,,
6443.901517748,0.007273413372,cfg1,2,,,
6444.001517844,0.007273003208,cfg1,2,,,
6444.101517816,0.00727259616,cfg1,2,,,
6444.201517788,0.007272191879,cfg1,2,,,
6444.401517106999,0.007271392694,cfg1,2,,,
6444.501517829,0.007270997615,cfg1,2,,,
6444.701517773,0.007270216462,cfg1,2,,,
6444.801517244,0.007269830445,cfg1,2,,,
6444.901517841,0.007269447726,cfg1,2,,,
6445.101517785,0.007268690773,cfg1,2,,,
6445.201517757,0.007268316827,cfg1,2,,,
6445.301517604,0.007267946012,cfg1,2,,,
6445.401517825999,0.007267578526,cfg1,2,,,
6445.501517421999,0.007267213731,cfg1,2,,,
6445.701517491,0.007266493339,cfg1,2,,,
6445.901517809999,0.007265785024,cfg1,2,,,
6446.001517781999,0.007265435692,cfg1,2,,,
6446.201517726001,0.007264745529,cfg1,2,,,
6446.401517545,0.007264067872,cfg1,2,,,
6446.501517642001,0.007263733324,cfg1,2,,,
6446.601517863,0.007263402086,cfg1,2,,,
6446.701517334999,0.007263074038,cfg1,2,,,
6446.801517557,0.007262748919,cfg1,2,,,
6446.901517779,0.007262426444,cfg1,2,,,
6447.101517224001,0.007261791276,cfg1,2,,,
6447.301517792,0.007261168489,cfg1,2,,,
6447.501517861,0.007260557609,cfg1,2,,,
6447.601517832,0.007260256692,cfg1,2,,,
6447.701517804,0.007259958765,cfg1,2,,,
6447.901517622999,0.007259372496,cfg1,2,,,
6448.101517817,0.007258798365,cfg1,2,,,
6448.201517789,0.007258515802,cfg1,2,,,
6448.301517761,0.007258236305,cfg1,2,,,
6448.401517857,0.007257959895,cfg1,2,,,
6448.501517829,0.00725768653,cfg1,2,,,
6448.901517842001,0.007256623431,cfg1,2,,,
6449.001517814001,0.007256365115,cfg1,2,,,
6449.101517785999,0.00725611004,cfg1,2,,,
6449.401517827,0.007255363054,cfg1,2,,,
6449.601517770999,0.007254880283,cfg1,2,,,
6450.501517767,0.007252859419,cfg1,2,,,
6450.901516405,0.007252040411,cfg1,2,,,
6451.101517849,0.007251649479,cfg1,2,,,
6451.401517889999,0.007251085895,cfg1,2,,,
6452.701517524,0.007248961491,cfg1,2,,,
6452.801517121,0.007248819645,cfg1,2,,,
6452.901517717999,0.007248680713,cfg1,2,,,
6453.301517855,0.007248155543,cfg1,2,,,
6453.401517702001,0.007248032059,cfg1,2,,,
6453.501517673999,0.007247911465,cfg1,2,,,
6453.601517770999,0.007247793988,cfg1,2,,,
6453.701517868,0.007247679496,cfg1,2,,,
6453.80151784,0.007247568342,cfg1,2,,,
6453.901517436,0.007247459835,cfg1,2,,,
6454.001517783002,0.007247354657,cfg1,2,,,
6454.101517505,0.007247252585,cfg1,2,,,
6454.201517852,0.007247153308,cfg1,2,,,
6454.401517794999,0.007246964358,cfg1,2,,,
6454.501517767,0.007246874584,cfg1,2,,,
6454.701517835999,0.007246703784,cfg1,2,,,
6454.801517808001,0.007246623094,cfg1,2,,,
6454.901517530001,0.007246545519,cfg1,2,,,
6455.001517752,0.007246470815,cfg1,2,,,
6455.101517848,0.007246399538,cfg1,2,,,
6455.301517792,0.007246265388,cfg1,2,,,
6455.401517389,0.007246203075,cfg1,2,,,
6455.501517861,0.007246143861,cfg1,2,,,
6455.601517833,0.007246087647,cfg1,2,,,
6455.801517776001,0.007245984382,cfg1,2,,,
6455.901517373,0.00724593747,cfg1,2,,,
6456.001517595,0.007245893657,cfg1,2,,,
6456.101517690999,0.00724585274,cfg1,2,,,
6456.201517788,0.007245814943,cfg1,2,,,
6456.501517579,0.007245719889,cfg1,2,,,
6456.601517550999,0.007245694257,cfg1,2,,,
6456.701517773,0.007245671825,cfg1,2,,,
6456.801517369,0.007245652484,cfg1,2,,,
6456.901517841,0.007245635999,cfg1,2,,,
6457.001517813,0.007245622854,cfg1,2,,,
6457.201517882001,0.007245605637,cfg1,2,,,
6457.301517853999,0.007245601242,cfg1,2,,,
6457.501516422001,0.007245602421,cfg1,2,,,
6457.601517394001,0.007245607801,cfg1,2,,,
6457.701517741001,0.007245615827,cfg1,2,,,
6457.801517586999,0.007245627046,cfg1,2,,,
6457.901517809,0.007245641194,cfg1,2,,,
6458.001517656,0.007245658792,cfg1,2,,,
6458.101517753,0.00724567914,cfg1,2,,,
6458.201517725,0.007245702596,cfg1,2,,,
6458.401517793,0.007245758962,cfg1,2,,,
6458.501517765,0.00724579152,cfg1,2,,,
6458.701517833999,0.007245866155,cfg1,2,,,
6458.801516681,0.007245907913,cfg1,2,,,
6458.901517653,0.007245953024,cfg1,2,,,
6459.001517625,0.007246001034,cfg1,2,,,
6459.101517846001,0.007246052278,cfg1,2,,,
6459.301517665,0.007246163624,cfg1,2,,,
6459.401517762001,0.007246223991,cfg1,2,,,
6459.501517859002,0.007246287317,cfg1,2,,,
6459.601517830001,0.007246353847,cfg1,2,,,
6459.701517801999,0.007246423408,cfg1,2,,,
6459.801517773999,0.007246495754,cfg1,2,,,
6459.901517870999,0.007246571454,cfg1,2,,,
6460.001517718001,0.007246650062,cfg1,2,,,
6460.101517815,0.007246731866,cfg1,2,,,
6460.201517536998,0.00724681673,cfg1,2,,,
6460.301517883,0.007246904509,cfg1,2,,,
6460.401517729999,0.007246995539,cfg1,2,,,
6460.501517701999,0.007247089467,cfg1,2,,,
6460.701517521,0.007247287033,cfg1,2,,,
6460.801517617001,0.007247390024,cfg1,2,,,
6460.901517839,0.007247496292,cfg1,2,,,
6461.001516561001,0.007247605598,cfg1,2,,,
6461.101517783,0.007247718123,cfg1,2,,,
6461.20151788,0.007247833569,cfg1,2,,,
6461.301517852001,0.007247951976,cfg1,2,,,
6461.401517573,0.0072480736,cfg1,2,,,
6461.501517794999,0.007248198145,cfg1,2,,,
6461.601517266999,0.007248326171,cfg1,2,,,
6461.701517864,0.007248456798,cfg1,2,,,
6461.801517835,0.007248590707,cfg1,2,,,
6461.901517807,0.007248727556,cfg1,2,,,
6462.001517779,0.007248867422,cfg1,2,,,
6462.201517847999,0.007249156527,cfg1,2,,,
6462.301517445,0.007249305643,cfg1,2,,,
6462.401517665999,0.007249458142,cfg1,2,,,
6462.501517513,0.007249613089,cfg1,2,,,
6462.701517832,0.007249933208,cfg1,2,,,
6462.801517804,0.007250097565,cfg1,2,,,
6463.001517872,0.007250435666,cfg1,2,,,
6463.101517844,0.007250609225,cfg1,2,,,
6463.301517787999,0.007250965749,cfg1,2,,,
6463.601517828,0.007251523382,cfg1,2,,,
6463.701516425,0.007251715294,cfg1,2,,,
6463.801517772,0.007251910155,cfg1,2,,,
6463.901517743002,0.007252108488,cfg1,2,,,
6464.00151784,0.007252309501,cfg1,2,,,
6464.101517812,0.007252513937,cfg1,2,,,
6464.201517784,0.00725272112,cfg1,2,,,
6464.301517756,0.007252931474,cfg1,2,,,
6464.401517727,0.007253145059,cfg1,2,,,
6464.501517824,0.007253361491,cfg1,2,,,
6464.701517517999,0.007253803487,cfg1,2,,,
6464.801517864,0.00725402901,cfg1,2,,,
6464.901517836,0.007254257765,cfg1,2,,,
6465.001517808,0.007254489458,cfg1,2,,,
6465.101517405,0.007254724269,cfg1,2,,,
6465.201517625999,0.007254962295,cfg1,2,,,
6465.301516348,0.007255202942,cfg1,2,,,
6465.501517792,0.007255693811,cfg1,2,,,
6465.601517888,0.007255944238,cfg1,2,,,
6465.70151786,0.007256197315,cfg1,2,,,
6465.801517832,0.007256453191,cfg1,2,,,
6465.901517803999,0.007256712416,cfg1,2,,,
6466.101517747,0.007257240038,cfg1,2,,,
6466.301517816001,0.007257780005,cfg1,2,,,
6466.401517413,0.007258054467,cfg1,2,,,
6466.501517509999,0.007258331876,cfg1,2,,,
6466.601517731,0.00725861266,cfg1,2,,,
6466.701517828,0.007258896337,cfg1,2,,,
6466.8015178,0.007259182748,cfg1,2,,,
6466.901517647,0.007259472711,cfg1,2,,,
6467.001517368998,0.007259765263,cfg1,2,,,
6467.101517715,0.007260061231,cfg1,2,,,
6467.201517811999,0.007260359906,cfg1,2,,,
6467.301517784,0.007260662065,cfg1,2,,,
6467.501517476998,0.007261275179,cfg1,2,,,
6467.601517699002,0.00726158592,cfg1,2,,,
6467.701517546001,0.007261900064,cfg1,2,,,
6467.801517768,0.007262217394,cfg1,2,,,
6467.901517739,0.007262537774,cfg1,2,,,
6468.101517808,0.007263187158,cfg1,2,,,
6468.20151778,0.007263516248,cfg1,2,,,
6468.501517819999,0.007264522501,cfg1,2,,,
6468.601517792,0.007264864076,cfg1,2,,,
6468.701517514002,0.007265208539,cfg1,2,,,
6468.801517860001,0.007265556543,cfg1,2,,,
6468.901517457,0.007265906855,cfg1,2,,,
6469.001517804,0.007266260669,cfg1,2,,,
6469.101517776,0.007266617421,cfg1,2,,,
6469.401517816,0.007267705764,cfg1,2,,,
6469.701517607,0.007268821517,cfg1,2,,,
6470.001517897,0.007269964496,cfg1,2,,,
6470.101517619,0.007270351397,cfg1,2,,,
6470.201517841,0.007270741794,cfg1,2,,,
6470.501517881,0.007271930218,cfg1,2,,,
6470.901517768,0.007273557838,cfg1,2,,,
6471.001517865,0.007273972121,cfg1,2,,,
6471.501517599,0.007276089557,cfg1,2,,,
6472.501517192998,0.007280551263,cfg1,2,,,
6472.601517789001,0.007281014043,cfg1,2,,,
6472.701516385999,0.007281479874,cfg1,2,,,
6472.801517857999,0.007281949007,cfg1,2,,,
6473.001517551,0.007282895644,cfg1,2,,,
6473.101517523002,0.007283373483,cfg1,2,,,
6473.201517495,0.007283854207,cfg1,2,,,
6473.401517688,0.007284825429,cfg1,2,,,
6473.601517881999,0.007285808601,cfg1,2,,,
6473.801517826001,0.007286803459,cfg1,2,,,
6473.901517797999,0.007287305445,cfg1,2,,,
6474.001517769,0.007287810714,cfg1,2,,,
6474.101517865999,0.007288318774,cfg1,2,,,
6474.301517810001,0.007289343735,cfg1,2,,,
6474.401517532,0.007289861054,cfg1,2,,,
6474.501517128,0.007290381071,cfg1,2,,,
6474.601517850001,0.007290904142,cfg1,2,,,
6474.701517821999,0.007291430402,cfg1,2,,,
6474.801517794001,0.007291959582,cfg1,2,,,
6474.901517889999,0.007292491825,cfg1,2,,,
6475.001517862001,0.007293027021,cfg1,2,,,
6475.101517834001,0.007293565218,cfg1,2,,,
6475.301517403,0.007294650332,cfg1,2,,,
6475.501517847,0.007295748015,cfg1,2,,,
6475.601517693,0.007296300988,cfg1,2,,,
6475.801517761999,0.007297416379,cfg1,2,,,
6475.901517858001,0.007297978723,cfg1,2,,,
6476.001517830999,0.0072985438,cfg1,2,,,
6476.101517552,0.007299112096,cfg1,2,,,
6476.201517398999,0.007299683255,cfg1,2,,,
6476.301517871,0.007300257846,cfg1,2,,,
6476.401517841999,0.007300834944,cfg1,2,,,
6476.501517814001,0.007301415135,cfg1,2,,,
6476.601517536,0.007301998368,cfg1,2,,,
6476.701517508,0.007302584554,cfg1,2,,,
6476.801517729,0.007303173798,cfg1,2,,,
6476.901517825999,0.007303766089,cfg1,2,,,
6477.001517798001,0.007304361027,cfg1,2,,,
6477.101517769999,0.007304959359,cfg1,2,,,
6477.201517741999,0.00730556041,cfg1,2,,,
6477.301517214001,0.007306164424,cfg1,2,,,
6477.401517811,0.007306771501,cfg1,2,,,
6477.701516350999,0.007308611336,cfg1,2,,,
6477.801517573,0.007309230005,cfg1,2,,,
6477.901517795,0.007309852237,cfg1,2,,,
6478.001517765999,0.007310477466,cfg1,2,,,
6478.101517862999,0.007311105525,cfg1,2,,,
6478.201517834999,0.007311736333,cfg1,2,,,
6478.301517557,0.007312370417,cfg1,2,,,
6478.401517404,0.007313007659,cfg1,2,,,
6478.701517819,0.007314936466,cfg1,2,,,
6478.801516541,0.007315585559,cfg1,2,,,
6478.901517388,0.007316237602,cfg1,2,,,
6479.001517485001,0.007316892311,cfg1,2,,,
6479.101517331,0.00731755035,cfg1,2,,,
6479.301517775002,0.007318874988,cfg1,2,,,
6479.401517372,0.00731954167,cfg1,2,,,
6479.501517218999,0.007320211356,cfg1,2,,,
6479.701517787,0.007321559874,cfg1,2,,,
6479.801517758999,0.007322238862,cfg1,2,,,
6479.901517606001,0.007322920519,cfg1,2,,,
6480.001517203,0.007323604906,cfg1,2,,,
6480.1015178,0.007324292814,cfg1,2,,,
6480.201517772,0.007324983354,cfg1,2,,,
6480.301517119,0.007325676751,cfg1,2,,,
6480.501517812,0.00732707288,cfg1,2,,,
6480.601517784,0.007327775272,cfg1,2,,,
6480.701517505999,0.007328480842,cfg1,2,,,
6480.801517728,0.007329189063,cfg1,2,,,
6481.001517796,0.007330614618,cfg1,2,,,
6481.101517768001,0.007331331835,cfg1,2,,,
6481.401517809001,0.007333501499,cfg1,2,,,
6481.601517877001,0.007334962518,cfg1,2,,,
6481.801517570999,0.007336435488,cfg1,2,,,
6481.901517793,0.00733717649,cfg1,2,,,
6482.101517861,0.007338667216,cfg1,2,,,
6482.301517555,0.007340169677,cfg1,2,,,
6482.401517776001,0.007340925275,cfg1,2,,,
6482.501517623,0.007341683886,cfg1,2,,,
6482.601517845,0.007342445541,cfg1,2,,,
6482.701517567,0.007343210083,cfg1,2,,,
6483.001517732,0.007345521363,cfg1,2,,,
6483.101516579,0.007346297539,cfg1,2,,,
6483.201517801,0.007347076871,cfg1,2,,,
6483.301517772,0.00734785914,cfg1,2,,,
6483.401517869,0.007348644227,cfg1,2,,,
6483.501517841001,0.007349432129,cfg1,2,,,
6483.601516813,0.00735022312,cfg1,2,,,
6483.701517785,0.007351017185,cfg1,2,,,
6483.801517756,0.007351813844,cfg1,2,,,
6483.901517603,0.007352613517,cfg1,2,,,
6484.001517325001,0.007353416267,cfg1,2,,,
6484.101517547,0.007354221935,cfg1,2,,,
6484.201517643,0.007355030659,cfg1,2,,,
6484.301517865,0.007355842316,cfg1,2,,,
6484.501517809,0.007357474052,cfg1,2,,,
6484.701517877001,0.007359117557,cfg1,2,,,
6484.901517819999,0.007360772932,cfg1,2,,,
6485.001517792,0.007361605049,cfg1,2,,,
6485.101517889,0.00736243986,cfg1,2,,,
6485.301517333001,0.007364118573,cfg1,2,,,
6485.401517805001,0.007364962364,cfg1,2,,,
6485.501517776,0.00736580885,cfg1,2,,,
6485.601517498001,0.007366658412,cfg1,2,,,
6485.701517845,0.007367510942,cfg1,2,,,
6485.901517289001,0.007369224594,cfg1,2,,,
6486.001517760001,0.00737008572,cfg1,2,,,
6486.101517857,0.007370950041,cfg1,2,,,
6486.201517829,0.007371816854,cfg1,2,,,
6486.301517551,0.007372686872,cfg1,2,,,
6486.401517772,0.007373559761,cfg1,2,,,
6486.501517869,0.007374435511,cfg1,2,,,
6486.601517341,0.007375314207,cfg1,2,,,
6486.701517812998,0.007376195805,cfg1,2,,,
6486.801517784,0.00737708026,cfg1,2,,,
6487.001516977999,0.007378857975,cfg1,2,,,
6487.101517825,0.007379751258,cfg1,2,,,
6487.201517546001,0.007380647283,cfg1,2,,,
6487.301517392998,0.007381546297,cfg1,2,,,
6487.401517365,0.007382448068,cfg1,2,,,
6487.501517837001,0.007383352834,cfg1,2,,,
6487.601517559,0.007384260801,cfg1,2,,,
6487.701517655,0.007385171192,cfg1,2,,,
6487.801517752,0.007386084774,cfg1,2,,,
6487.901517849,0.007387001251,cfg1,2,,,
6488.001517695,0.007387920484,cfg1,2,,,
6488.101517792,0.007388842473,cfg1,2,,,
6488.301517861001,0.007390695689,cfg1,2,,,
6488.901517817,0.007396324161,cfg1,2,,,
6489.10151776,0.007398223193,cfg1,2,,,
6489.201517857,0.007399177151,cfg1,2,,,
6489.501517772,0.007402056059,cfg1,2,,,
6489.601517869001,0.007403021719,cfg1,2,,,
6489.801517812,0.007404961087,cfg1,2,,,
6490.001517881,0.007406911984,cfg1,2,,,
6490.101517602999,0.007407891795,cfg1,2,,,
6490.301517796,0.007409859852,cfg1,2,,,
6490.80151778,0.007414830477,cfg1,2,,,
6490.901516252,0.007415833218,cfg1,2,,,
6491.001517849001,0.007416838765,cfg1,2,,,
6491.101517819999,0.007417847187,cfg1,2,,,
6491.501517708,0.007421909543,cfg1,2,,,
6491.601517430001,0.007422932104,cfg1,2,,,
6492.101517789001,0.007428088581,cfg1,2,,,
6492.301517857001,0.007430170791,cfg1,2,,,
6492.601517773,0.007433315695,cfg1,2,,,
6492.701517869,0.007434369864,cfg1,2,,,
6493.001517784,0.007437548719,cfg1,2,,,
6493.101517756,0.007438614097,cfg1,2,,,
6493.201517853,0.007439682352,cfg1,2,,,
6493.301517825001,0.007440753416,cfg1,2,,,
6493.501517769,0.007442903799,cfg1,2,,,
6493.601517865,0.007443983079,cfg1,2,,,
6493.701517337,0.00744506562,cfg1,2,,,
6493.901517656,0.007447238556,cfg1,2,,,
6494.101517724,0.007449423185,cfg1,2,,,
6494.201517821001,0.007450519658,cfg1,2,,,
6494.401516265,0.007452720832,cfg1,2,,,
6494.501517611,0.007453825936,cfg1,2,,,
6494.601517833001,0.007454933435,cfg1,2,,,
6494.801517527,0.007457157225,cfg1,2,,,
6494.901517499,0.007458273504,cfg1,2,,,
6495.001517470001,0.007459392377,cfg1,2,,,
6495.301517511,0.007462766046,cfg1,2,,,
6495.401517733001,0.00746389621,cfg1,2,,,
6495.501517705,0.007465029382,cfg1,2,,,
6495.601517801999,0.007466165004,cfg1,2,,,
6495.701517398001,0.007467303606,cfg1,2,,,
6495.801517745,0.007468444978,cfg1,2,,,
6496.001517814001,0.007470736139,cfg1,2,,,
6496.101517535999,0.007471885897,cfg1,2,,,
6496.201517757,0.007473038675,cfg1,2,,,
6496.401517701001,0.007475352043,cfg1,2,,,
6496.501517798001,0.007476513313,cfg1,2,,,
6496.601517895,0.007477676813,cfg1,2,,,
6496.701517490999,0.007478843492,cfg1,2,,,
6496.801517713,0.007480012589,cfg1,2,,,
6497.001517781999,0.007482359794,cfg1,2,,,
6497.301517822001,0.007485901284,cfg1,2,,,
6497.401517793999,0.007487087237,cfg1,2,,,
6497.501517891,0.007488275974,cfg1,2,,,
6497.601517862001,0.007489467794,cfg1,2,,,
6497.701517584,0.007490662033,cfg1,2,,,
6497.801517806002,0.007491859151,cfg1,2,,,
6497.901517528,0.007493059112,cfg1,2,,,
6498.001517873999,0.007494261546,cfg1,2,,,
6498.201517817999,0.00749667553,cfg1,2,,,
6498.401517885999,0.007499100029,cfg1,2,,,
6498.501517857999,0.007500316523,cfg1,2,,,
6498.901517870001,0.007505210382,cfg1,2,,,
6499.001517717001,0.007506440643,cfg1,2,,,
6499.101517438999,0.00750767371,cfg1,2,,,
6499.201517659999,0.007508909745,cfg1,2,,,
6499.301517881999,0.007510148019,cfg1,2,,,
6499.401517729,0.007511389322,cfg1,2,,,
6499.501517826001,0.007512633523,cfg1,2,,,
6499.601517797999,0.007513880474,cfg1,2,,,
6499.701517769,0.007515130047,cfg1,2,,,
6499.801517865999,0.007516382214,cfg1,2,,,
6500.001517310001,0.007518895336,cfg1,2,,,
6500.101517781001,0.007520155801,cfg1,2,,,
6500.201517753,0.007521419198,cfg1,2,,,
6500.301517850001,0.007522685165,cfg1,2,,,
6500.401517572,0.007523953886,cfg1,2,,,
6500.501517544,0.007525225438,cfg1,2,,,
6500.601517765,0.007526499775,cfg1,2,,,
6500.701517737001,0.007527776708,cfg1,2,,,
6500.801517709,0.007529056445,cfg1,2,,,
6500.901517681,0.007530338704,cfg1,2,,,
6501.001517777,0.007531624003,cfg1,2,,,
6501.101517874999,0.007532912008,cfg1,2,,,
6501.201517845999,0.007534202714,cfg1,2,,,
6501.501517512,0.007538090966,cfg1,2,,,
6501.70151758,0.007540696518,cfg1,2,,,
6502.001517871,0.007544625942,cfg1,2,,,
6502.101517717,0.007545941026,cfg1,2,,,
6502.201517813999,0.007547258841,cfg1,2,,,
6502.301517785999,0.007548579287,cfg1,2,,,
6502.401517757999,0.007549902512,cfg1,2,,,
6502.601517827,0.007552557315,cfg1,2,,,
6502.701517798001,0.007553888695,cfg1,2,,,
6502.80151752,0.007555222733,cfg1,2,,,
6502.901517741999,0.00755655949,cfg1,2,,,
6503.101517809999,0.007559241144,cfg1,2,,,
6503.601517795,0.007565992641,cfg1,2,,,
6503.801517863,0.007568712157,cfg1,2,,,
6504.001517807,0.007571442189,cfg1,2,,,
6504.201517376,0.007574183105,cfg1,2,,,
6504.301516473001,0.007575557618,cfg1,2,,,
6504.401517819,0.007576934876,cfg1,2,,,
6504.501517541001,0.007578314777,cfg1,2,,,
6504.901517803,0.007583860922,cfg1,2,,,
6505.201516844,0.007588048437,cfg1,2,,,
6505.301517815,0.007589449743,cfg1,2,,,
6505.501517758999,0.00759226008,cfg1,2,,,
6505.601517606001,0.00759366933,cfg1,2,,,
6505.801517799002,0.007596495818,cfg1,2,,,
6505.901516396,0.007597913137,cfg1,2,,,
6506.101517839,0.007600755549,cfg1,2,,,
6506.201517810999,0.007602180708,cfg1,2,,,
6506.40151738,0.007605039018,cfg1,2,,,
6506.501517226999,0.00760647229,cfg1,2,,,
6506.601517697999,0.007607907767,cfg1,2,,,
6506.801517267,0.007610787304,cfg1,2,,,
6507.101517682001,0.007615126456,cfg1,2,,,
6507.301517376,0.007618032504,cfg1,2,,,
6507.401517721999,0.007619489467,cfg1,2,,,
6507.501517818999,0.007620949007,cfg1,2,,,
6507.601517791,0.007622411094,cfg1,2,,,
6507.701517888,0.00762387594,cfg1,2,,,
6507.901516582001,0.007626813338,cfg1,2,,,
6508.101517775,0.00762976138,cfg1,2,,,
6508.501517787,0.007635688928,cfg1,2,,,
6508.601517884,0.007637177285,cfg1,2,,,
6508.801517827,0.007640162134,cfg1,2,,,
6508.901517424,0.007641658352,cfg1,2,,,
6509.001517771,0.007643157258,cfg1,2,,,
6509.301517811,0.007647669562,cfg1,2,,,
6509.501516255,0.007650690813,cfg1,2,,,
6509.601517852,0.007652205542,cfg1,2,,,
6510.101517835,0.00765981695,cfg1,2,,,
6510.201517806999,0.007661347044,cfg1,2,,,
6510.301517529,0.007662879852,cfg1,2,,,
6510.401517375,0.007664415104,cfg1,2,,,
6510.901517858999,0.007672130424,cfg1,2,,,
6511.001517830999,0.007673680921,cfg1,2,,,
6511.201517525,0.007676790585,cfg1,2,,,
6511.401517717999,0.007679910175,cfg1,2,,,
6511.501517814001,0.007681473792,cfg1,2,,,
6511.901517825999,0.007687754229,cfg1,2,,,
6512.001517548,0.007689330859,cfg1,2,,,
6512.301517588,0.007694075552,cfg1,2,,,
6512.401517809999,0.007695662414,cfg1,2,,,
6512.501517782001,0.00769725171,cfg1,2,,,
6512.7015176,0.007700438026,cfg1,2,,,
6512.901517793,0.007703634783,cfg1,2,,,
6513.001517515,0.007705236761,cfg1,2,,,
6513.101516986999,0.007706841218,cfg1,2,,,
6513.201517583,0.007708448507,cfg1,2,,,
6513.401516152,0.007711670446,cfg1,2,,,
6513.501517873999,0.007713285359,cfg1,2,,,
6513.601517845,0.00771490245,cfg1,2,,,
6513.701516317,0.007716522473,cfg1,2,,,
6513.901517635002,0.007719769751,cfg1,2,,,
6514.001517732,0.007721397363,cfg1,2,,,
6514.2015178,0.007724659747,cfg1,2,,,
6514.301517772,0.007726294889,cfg1,2,,,
6514.401517869,0.007727932487,cfg1,2,,,
6514.701517784,0.007732860289,cfg1,2,,,
6514.901517852,0.007736158395,cfg1,2,,,
6515.001517824,0.007737811002,cfg1,2,,,
6515.101517545999,0.007739466002,cfg1,2,,,
6515.201517393,0.007741123901,cfg1,2,,,
6515.301517613999,0.007742784303,cfg1,2,,,
6515.401517336,0.007744446985,cfg1,2,,,
6515.501517808,0.007746112466,cfg1,2,,,
6515.701517876001,0.007749450434,cfg1,2,,,
6516.001517791,0.00775447629,cfg1,2,,,
6516.20151786,0.007757839145,cfg1,2,,,
6516.301517705999,0.007759524721,cfg1,2,,,
6516.501517775,0.00776290288,cfg1,2,,,
6516.601517746999,0.007764595254,cfg1,2,,,
6516.701517843,0.007766290662,cfg1,2,,,
6516.801517815,0.007767988337,cfg1,2,,,
6517.001517634001,0.00777139135,cfg1,2,,,
6517.101517355,0.007773096509,cfg1,2,,,
6517.301517799,0.007776514443,cfg1,2,,,
6517.401517770001,0.007778226901,cfg1,2,,,
6517.601517839,0.00778165956,cfg1,2,,,
6517.701517685,0.007783379592,cfg1,2,,,
6517.801517657,0.007785102257,cfg1,2,,,
6517.901517629001,0.007786827022,cfg1,2,,,
6518.001517351,0.007788554595,cfg1,2,,,
6518.101517322001,0.007790284534,cfg1,2,,,
6518.301517765999,0.007793751757,cfg1,2,,,
6518.401517737,0.007795489041,cfg1,2,,,
6518.501517584,0.007797228799,cfg1,2,,,
6518.601517681,0.007798970927,cfg1,2,,,
6518.701517778001,0.007800715678,cfg1,2,,,
6518.801517749,0.007802462901,cfg1,2,,,
6518.901517721001,0.007804212327,cfg1,2,,,
6519.101517414001,0.007807719013,cfg1,2,,,
6519.401517829,0.007812997028,cfg1,2,,,
6520.101517756001,0.007825398064,cfg1,2,,,
6520.301517825,0.007828963298,cfg1,2,,,
6520.401517797001,0.007830749491,cfg1,2,,,
6520.501517768,0.007832538064,cfg1,2,,,
6520.601517865,0.007834328844,cfg1,2,,,
6520.701517587,0.007836122315,cfg1,2,,,
6520.801517558999,0.007837918319,cfg1,2,,,
6521.001517877,0.007841517475,cfg1,2,,,
6521.20151782,0.007845125785,cfg1,2,,,
6521.801517776,0.007856009537,cfg1,2,,,
6522.101517816,0.007861483979,cfg1,2,,,
6522.301517758999,0.007865145518,cfg1,2,,,
6522.501517577999,0.007868816728,cfg1,2,,,
6522.601517800001,0.007870655803,cfg1,2,,,
6522.701517771,0.007872497445,cfg1,2,,,
6522.801517493,0.007874341372,cfg1,2,,,
6522.901517215,0.007876187287,cfg1,2,,,
6523.001517562001,0.007878036179,cfg1,2,,,
6523.101517533001,0.007879887266,cfg1,2,,,
6523.401517449,0.007885454663,cfg1,2,,,
6523.501517795,0.007887315217,cfg1,2,,,
6523.801517836,0.007892911444,cfg1,2,,,
6523.901517682999,0.007894781419,cfg1,2,,,
6524.60151786,0.007907937897,cfg1,2,,,
6524.801517803,0.007911718514,cfg1,2,,,
6525.101517844,0.007917406308,cfg1,2,,,
6525.201517815999,0.007919306823,cfg1,2,,,
6525.301517787,0.007921210082,cfg1,2,,,
6525.501517731,0.007925023029,cfg1,2,,,
6525.601517453001,0.007926933256,cfg1,2,,,
6525.701517550001,0.007928845703,cfg1,2,,,
6525.901517868,0.007932677307,cfg1,2,,,
6526.001517715,0.007934596767,cfg1,2,,,
6526.101517812,0.007936518505,cfg1,2,,,
6526.201517783,0.007938442577,cfg1,2,,,
6526.301517754999,0.007940369047,cfg1,2,,,
6526.401517352,0.007942297741,cfg1,2,,,
6526.501517324,0.00794422868,cfg1,2,,,
6526.801517864001,0.007950035801,cfg1,2,,,
6527.201517876,0.00795781098,cfg1,2,,,
6527.301517723,0.007959760434,cfg1,2,,,
6527.501517791,0.007963666595,cfg1,2,,,
6527.801517457,0.007969542935,cfg1,2,,,
6528.201517844,0.007977410514,cfg1,2,,,
6528.301517816,0.007979382763,cfg1,2,,,
6528.401517786999,0.007981357898,cfg1,2,,,
6528.601517856,0.007985314338,cfg1,2,,,
6528.701517828,0.007987296069,cfg1,2,,,
6528.801517799,0.007989280075,cfg1,2,,,
6529.001517368,0.007993255059,cfg1,2,,,
6529.101517465,0.007995245914,cfg1,2,,,
6529.201517187,0.007997238895,cfg1,2,,,
6529.301517783,0.007999234354,cfg1,2,,,
6529.501517727,0.008003231995,cfg1,2,,,
6529.601517574001,0.008005234265,cfg1,2,,,
6529.701517796,0.00800723879,cfg1,2,,,
6530.001517461,0.008013265797,cfg1,2,,,
6530.101516183,0.008015279426,cfg1,2,,,
6530.301517875999,0.008019313517,cfg1,2,,,
6530.501516819999,0.00802335615,cfg1,2,,,
6530.701517888001,0.008027408055,cfg1,2,,,
6530.801517735,0.008029437297,cfg1,2,,,
6531.001517804,0.008033502889,cfg1,2,,,
6531.401517565999,0.008041660555,cfg1,2,,,
6531.701517856,0.008047802694,cfg1,2,,,
6531.801517828,0.00804985431,cfg1,2,,,
6531.9015178,0.00805190844,cfg1,2,,,
6532.101517743,0.008056022777,cfg1,2,,,
6532.301517562001,0.008060146499,cfg1,2,,,
6532.401517783,0.008062211553,cfg1,2,,,
6532.501517505999,0.008064279054,cfg1,2,,,
6532.601517727,0.008066348548,cfg1,2,,,
6532.701517823999,0.008068420257,cfg1,2,,,
6533.001517864,0.008074648926,cfg1,2,,,
6533.101517586001,0.008076729444,cfg1,2,,,
6533.201517806999,0.008078812333,cfg1,2,,,
6533.401517876,0.008082984674,cfg1,2,,,
6533.501517723,0.008085073956,cfg1,2,,,
6533.901517109999,0.008093453715,cfg1,2,,,
6534.001517831999,0.008095554191,cfg1,2,,,
6534.101517804,0.008097656848,cfg1,2,,,
6534.401517844001,0.008103977774,cfg1,2,,,
6534.501516941,0.008106089195,cfg1,2,,,
6534.601517663,0.008108202811,cfg1,2,,,
6534.701517385001,0.008110318572,cfg1,2,,,
6534.801517482001,0.008112436496,cfg1,2,,,
6534.901517828,0.008114556547,cfg1,2,,,
6535.001517550001,0.00811667881,cfg1,2,,,
6535.101517272,0.008118803533,cfg1,2,,,
6535.401517187,0.008125189823,cfg1,2,,,
6536.001517893,0.008138021125,cfg1,2,,,
6536.401517779999,0.008146618412,cfg1,2,,,
6536.501517501999,0.008148773292,cfg1,2,,,
6536.601517724,0.008150930147,cfg1,2,,,
6536.801517792,0.008155250382,cfg1,2,,,
6537.001517861,0.008159579268,cfg1,2,,,
6537.401517873001,0.008168262492,cfg1,2,,,
6537.501517845001,0.008170438682,cfg1,2,,,
6537.601516692,0.008172617001,cfg1,2,,,
6537.701517539,0.008174797273,cfg1,2,,,
6537.901517481999,0.008179164463,cfg1,2,,,
6540.201517708,0.008229995478,cfg1,2,,,
6540.401517777,0.00823446808,cfg1,2,,,
6540.501517873,0.008236707324,cfg1,2,,,
6540.90151776,0.008245685822,cfg1,2,,,
6541.001517482001,0.008247935366,cfg1,2,,,
6541.101517704001,0.008250187299,cfg1,2,,,
6541.201517801,0.008252441224,cfg1,2,,,
6541.401517369,0.008256955218,cfg1,2,,,
6541.501517841001,0.0082592154,cfg1,2,,,
6541.901517603,0.008268276514,cfg1,2,,,
6542.001517824998,0.008270546887,cfg1,2,,,
6542.201517768,0.008275094014,cfg1,2,,,
6542.401517837001,0.008279649236,cfg1,2,,,
6542.601517779999,0.008284212486,cfg1,2,,,
6542.701517501999,0.008286497428,cfg1,2,,,
6542.801517599,0.008288784313,cfg1,2,,,
6542.901517821,0.008291073044,cfg1,2,,,
6543.001517792001,0.00829336398,cfg1,2,,,
6543.201517861,0.008297952029,cfg1,2,,,
6543.301517833,0.008300248766,cfg1,2,,,
6543.401517804,0.008302547908,cfg1,2,,,
6543.501517525999,0.008304849096,cfg1,2,,,
6543.601516373,0.008307152081,cfg1,2,,,
6543.701517845001,0.0083094572,cfg1,2,,,
6543.801517817,0.008311764416,cfg1,2,,,
6543.901517787999,0.008314073627,cfg1,2,,,
6544.201517828001,0.008321013214,cfg1,2,,,
6544.301517425,0.008323330425,cfg1,2,,,
6544.701517187,0.008332619537,cfg1,2,,,
6544.901517756,0.008337276231,cfg1,2,,,
6545.001517353,0.008339607674,cfg1,2,,,
6545.101517574001,0.008341940958,cfg1,2,,,
6545.201517795999,0.008344276089,cfg1,2,,,
6545.301517768,0.008346613707,cfg1,2,,,
6545.401517864,0.00834895304,cfg1,2,,,
6545.501517836001,0.008351294325,cfg1,2,,,
6545.601517808,0.008353637555,cfg1,2,,,
6545.70151778,0.008355982873,cfg1,2,,,
6546.00151782,0.008363030832,cfg1,2,,,
6546.101517792,0.008365384175,cfg1,2,,,
6546.501517804,0.008374817166,cfg1,2,,,
6546.701517748,0.008379545612,cfg1,2,,,
6546.801517844001,0.00838191264,cfg1,2,,,
6547.001517413001,0.008386652901,cfg1,2,,,
6547.401517801001,0.008396156917,cfg1,2,,,
6547.501517771999,0.008398537774,cfg1,2,,,
6547.601517869,0.008400920697,cfg1,2,,,
6547.701517341001,0.008403305596,cfg1,2,,,
6547.901517784001,0.008408080986,cfg1,2,,,
6548.001517756,0.00841047177,cfg1,2,,,
6548.101517853,0.008412864617,cfg1,2,,,
6548.301517797,0.008417655665,cfg1,2,,,
6548.401517769001,0.008420054042,cfg1,2,,,
6548.701517809,0.00842726145,cfg1,2,,,
6549.201517793,0.008439312153,cfg1,2,,,
6549.301517765001,0.008441728244,cfg1,2,,,
6549.401517861999,0.008444146224,cfg1,2,,,
6549.601517805999,0.008448987646,cfg1,2,,,
6549.701517777001,0.00845141151,cfg1,2,,,
6550.601517774001,0.008473311038,cfg1,2,,,
6550.701517869999,0.008475753907,cfg1,2,,,
6551.001517785999,0.008483093795,cfg1,2,,,
6551.101517758001,0.008485544371,cfg1,2,,,
6551.201517854999,0.00848799682,cfg1,2,,,
6551.401517423,0.008492907012,cfg1,2,,,
6551.601517867,0.008497825169,cfg1,2,,,
6551.701517839,0.008500287156,cfg1,2,,,
6551.801517311,0.008502750692,cfg1,2,,,
6551.901517782001,0.008505216506,cfg1,2,,,
6552.001517753999,0.008507683912,cfg1,2,,,
6552.101517601,0.008510153344,cfg1,2,,,
6552.201517823,0.008512624736,cfg1,2,,,
6552.601517835,0.008522528548,cfg1,2,,,
6552.801517653001,0.008527491641,cfg1,2,,,
6552.901517874999,0.008529976224,cfg1,2,,,
6553.001517347,0.008532462523,cfg1,2,,,
6553.101517444,0.008534950903,cfg1,2,,,
6553.301517763,0.008539932657,cfg1,2,,,
6553.601517803002,0.008547419487,cfg1,2,,,
6554.101517662001,0.008559934929,cfg1,2,,,
6554.201517759,0.008562443509,cfg1,2,,,
6554.501517799,0.008569980426,cfg1,2,,,
6554.80151784,0.008577533959,cfg1,2,,,
6554.901517810999,0.008580055537,cfg1,2,,,
6555.10151738,0.00858510416,cfg1,2,,,
6555.201517602001,0.008587631226,cfg1,2,,,
6555.401517670999,0.008592690635,cfg1,2,,,
6555.501516518001,0.008595223382,cfg1,2,,,
6555.601517364,0.008597757932,cfg1,2,,,
6555.701517836,0.008600293952,cfg1,2,,,
6555.801517808,0.00860283206,cfg1,2,,,
6555.901517155,0.008605371774,cfg1,2,,,
6556.001517751002,0.008607913524,cfg1,2,,,
6556.101517848,0.008610456921,cfg1,2,,,
6556.20151782,0.008613002338,cfg1,2,,,
6556.301517417,0.008615549304,cfg1,2,,,
6556.501517110999,0.008620648775,cfg1,2,,,
6556.601517332,0.008623201644,cfg1,2,,,
6556.901517748,0.008630870092,cfg1,2,,,
6557.001517845,0.008633429853,cfg1,2,,,
6557.101517816,0.008635991534,cfg1,2,,,
6557.301517509999,0.008641120189,cfg1,2,,,
6557.401517481999,0.008643687007,cfg1,2,,,
6557.501517829,0.008646255975,cfg1,2,,,
6557.601517551002,0.008648826431,cfg1,2,,,
6557.801517493999,0.008653973045,cfg1,2,,,
6557.901517841,0.008656549095,cfg1,2,,,
6558.001517688,0.0086591265,cfg1,2,,,
6558.101517785001,0.008661706265,cfg1,2,,,
6558.201517756,0.00866428747,cfg1,2,,,
6558.301517478001,0.008666870633,cfg1,2,,,
6558.501517796998,0.008672042281,cfg1,2,,,
6558.601516519,0.00867463072,cfg1,2,,,
6558.701517864998,0.008677220799,cfg1,2,,,
6558.801517462001,0.008679813058,cfg1,2,,,
6559.001517781,0.008685002239,cfg1,2,,,
6559.101517753,0.008687599509,cfg1,2,,,
6559.401517668,0.00869540214,cfg1,2,,,
6559.50151764,0.008698006564,cfg1,2,,,
6559.601517862001,0.008700612705,cfg1,2,,,
6559.701517583,0.008703220596,cfg1,2,,,
6559.801517429999,0.008705830231,cfg1,2,,,
6560.001517499,0.008711054946,cfg1,2,,,
6560.101517471,0.008713669761,cfg1,2,,,
6560.201517817001,0.008716286545,cfg1,2,,,
6560.301517789,0.008718905139,cfg1,2,,,
6560.401517636,0.008721525217,cfg1,2,,,
6560.501517733,0.008724146943,cfg1,2,,,
6560.601517829999,0.008726770815,cfg1,2,,,
6560.701517550999,0.00872939645,cfg1,2,,,
6561.001517841999,0.008737283082,cfg1,2,,,
6561.201517786001,0.008742549732,cfg1,2,,,
6561.301517507,0.008745185549,cfg1,2,,,
6561.401517729,0.008747823163,cfg1,2,,,
6561.501517826001,0.008750462504,cfg1,2,,,
6561.601517797999,0.008753103493,cfg1,2,,,
6561.701517769,0.008755746444,cfg1,2,,,
6561.801517865999,0.008758390779,cfg1,2,,,
6561.901517838001,0.008761037099,cfg1,2,,,
6562.001517810001,0.008763684953,cfg1,2,,,
6562.101517407,0.008766334836,cfg1,2,,,
6562.201517753999,0.008768986402,cfg1,2,,,
6562.301517849999,0.008771639287,cfg1,2,,,
6562.401517197001,0.008774294159,cfg1,2,,,
6562.601517391,0.00877960902,cfg1,2,,,
6562.701517863,0.008782269108,cfg1,2,,,
6562.801517834001,0.008784930862,cfg1,2,,,
6562.901517805999,0.008787594166,cfg1,2,,,
6563.201517847,0.008795594784,cfg1,2,,,
6563.301517819,0.008798265102,cfg1,2,,,
6563.701517831,0.008808963082,cfg1,2,,,
6563.801517803,0.008811641882,cfg1,2,,,
6564.001517370999,0.008817004521,cfg1,2,,,
6564.301517787,0.008825061057,cfg1,2,,,
6564.401517759,0.008827750053,cfg1,2,,,
6564.501517480998,0.00883044077,cfg1,2,,,
6564.601517827,0.008833132787,cfg1,2,,,
6564.801517770999,0.008838522371,cfg1,2,,,
6565.00151734,0.008843918898,cfg1,2,,,
6565.101517811002,0.008846619265,cfg1,2,,,
6565.201517783,0.008849321836,cfg1,2,,,
6565.501517199,0.008857438896,cfg1,2,,,
6565.601517045998,0.008860147712,cfg1,2,,,
6565.701517768,0.008862858688,cfg1,2,,,
6565.901517585999,0.008868284735,cfg1,2,,,
6566.001517558001,0.008871000607,cfg1,2,,,
6566.10151778,0.008873717957,cfg1,2,,,
6566.301517474001,0.008879157599,cfg1,2,,,
6566.40151782,0.008881879914,cfg1,2,,,
6566.501517792,0.008884603809,cfg1,2,,,
6566.701517611,0.008890056663,cfg1,2,,,
6566.801517833,0.008892785568,cfg1,2,,,
6566.901517430001,0.008895515972,cfg1,2,,,
6567.001517652,0.00889824845,cfg1,2,,,
6567.201516596,0.008903717622,cfg1,2,,,
6567.301517817,0.008906454929,cfg1,2,,,
6567.501517761,0.008911934207,cfg1,2,,,
6567.701517704001,0.008917420004,cfg1,2,,,
6567.801517801,0.008920165216,cfg1,2,,,
6567.901517773,0.008922912006,cfg1,2,,,
6568.101517842001,0.008928410901,cfg1,2,,,
6568.201517688,0.008931162823,cfg1,2,,,
6568.30151766,0.008933916456,cfg1,2,,,
6568.501517853,0.008939428058,cfg1,2,,,
6568.6015177,0.008942186369,cfg1,2,,,
6568.901517866001,0.008950471045,cfg1,2,,,
6569.301517753,0.008961540085,cfg1,2,,,
6569.401517725,0.008964311397,cfg1,2,,,
6569.501517822001,0.008967084166,cfg1,2,,,
6569.601517793,0.008969858734,cfg1,2,,,
6569.701517889999,0.008972634753,cfg1,2,,,
6569.801517861999,0.008975412341,cfg1,2,,,
6569.901517709,0.008978191828,cfg1,2,,,
6570.001517431,0.008980972541,cfg1,2,,,
6570.201517749999,0.008986539104,cfg1,2,,,
6570.301517846001,0.008989324823,cfg1,2,,,
6570.501517790001,0.008994900944,cfg1,2,,,
6570.601517762001,0.008997691409,cfg1,2,,,
6570.701517733999,0.009000483431,cfg1,2,,,
6570.801517830001,0.009003277337,cfg1,2,,,
6570.901517301999,0.009006072525,cfg1,2,,,
6571.101517246001,0.009011667382,cfg1,2,,,
6571.201517468,0.00901446745,cfg1,2,,,
6571.301517815,0.009017268952,cfg1,2,,,
6571.401517286999,0.009020072334,cfg1,2,,,
6571.501517882999,0.009022876716,cfg1,2,,,
6571.601517854999,0.00902568315,cfg1,2,,,
6571.801517799,0.009031300463,cfg1,2,,,
6572.001517493001,0.009036924018,cfg1,2,,,
6572.201517810999,0.009042554125,cfg1,2,,,
6572.301517658001,0.009045371049,cfg1,2,,,
6572.401517255,0.009048190024,cfg1,2,,,
6572.501517727,0.009051010501,cfg1,2,,,
6572.701517796,0.009056656015,cfg1,2,,,
6572.801517393,0.009059481073,cfg1,2,,,
6572.90151774,0.009062307703,cfg1,2,,,
6573.001517836,0.009065135888,cfg1,2,,,
6573.201517529999,0.009070796943,cfg1,2,,,
6573.301517752,0.009073629756,cfg1,2,,,
6573.401517849,0.00907646438,cfg1,2,,,
6573.501517821,0.009079300149,cfg1,2,,,
6573.601517793,0.00908213768,cfg1,2,,,
6573.701517890001,0.009084976886,cfg1,2,,,
6573.901517582999,0.009090659419,cfg1,2,,,
6574.101517402001,0.009096348466,cfg1,2,,,
6574.201517499,0.00909919505,cfg1,2,,,
6574.501517789,0.009107744429,cfg1,2,,,
6574.801517830001,0.009116307768,cfg1,2,,,
6575.101517621,0.009124884595,cfg1,2,,,
6575.601517729999,0.009139210459,cfg1,2,,,
6575.701517827,0.009142079924,cfg1,2,,,
6576.001517742001,0.009150697814,cfg1,2,,,
6576.201517811,0.009156450991,cfg1,2,,,
6576.601517824,0.009167974582,cfg1,2,,,
6576.701517796,0.009170859184,cfg1,2,,,
6577.101517684,0.009182413352,cfg1,2,,,
6577.301517752,0.009188198993,cfg1,2,,,
6577.401517473999,0.009191094368,cfg1,2,,,
6577.501517570999,0.009193990956,cfg1,2,,,
6577.801517612,0.009202690008,cfg1,2,,,
6578.001517806001,0.009208496775,cfg1,2,,,
6578.201517874001,0.009214309475,cfg1,2,,,
6578.301517721,0.009217217848,cfg1,2,,,
6578.401517693001,0.009220127741,cfg1,2,,,
6578.601517887,0.009225952546,cfg1,2,,,
6578.801517830999,0.009231782771,cfg1,2,,,
6578.901517802999,0.009234699989,cfg1,2,,,
6579.001517775,0.009237618894,cfg1,2,,,
6579.301517689999,0.009246384301,cfg1,2,,,
6579.401517786999,0.009249308985,cfg1,2,,,
6579.501517509,0.00925223518,cfg1,2,,,
6579.8015178,0.009261022327,cfg1,2,,,
6579.901517397,0.009263954432,cfg1,2,,,
6580.001517369,0.009266887818,cfg1,2,,,
6580.101517465999,0.009269822931,cfg1,2,,,
6580.501517853999,0.009281577091,cfg1,2,,,
6580.601517576,0.0092845191,cfg1,2,,,
6580.901517866001,0.00929335431,cfg1,2,,,
6581.001517713001,0.009296302051,cfg1,2,,,
6581.301516504,0.009305154524,cfg1,2,,,
6582.001517432,0.009325860139,cfg1,2,,,
6582.201517376,0.009331789096,cfg1,2,,,
6582.401517819,0.009337723443,cfg1,2,,,
6582.501517790999,0.009340692917,cfg1,2,,,
6582.601517389,0.009343663493,cfg1,2,,,
6582.701517735,0.00934663583,cfg1,2,,,
6582.901517804,0.009352584392,cfg1,2,,,
6583.001517775999,0.009355560815,cfg1,2,,,
6583.101517748,0.009358538788,cfg1,2,,,
6583.801517301,0.009379423026,cfg1,2,,,
6583.901517897999,0.009382412022,cfg1,2,,,
6584.101517717,0.009388394462,cfg1,2,,,
6584.401516758001,0.009397378407,cfg1,2,,,
6584.701517297999,0.009406375122,cfg1,2,,,
6585.001517839,0.009415384118,cfg1,2,,,
6585.201517783,0.009421396964,cfg1,2,,,
6585.401517227,0.009427415509,cfg1,2,,,
6585.501517448,0.009430426681,cfg1,2,,,
6585.701517767,0.009436453296,cfg1,2,,,
6585.801517739,0.009439469037,cfg1,2,,,
6586.001517307999,0.00944550399,cfg1,2,,,
6586.101517529999,0.00944852332,cfg1,2,,,
6586.201517501999,0.009451544158,cfg1,2,,,
6586.801517833,0.009469698464,cfg1,2,,,
6586.901517555,0.009472728813,cfg1,2,,,
6587.001516401999,0.009475760715,cfg1,2,,,
6587.101517749,0.009478793899,cfg1,2,,,
6587.201517845999,0.009481828352,cfg1,2,,,
6587.501517511,0.009490940156,cfg1,2,,,
6587.601517858001,0.009493980087,cfg1,2,,,
6587.701517705,0.00949702124,cfg1,2,,,
6587.801517801999,0.009500063854,cfg1,2,,,
6587.901517774001,0.009503107772,cfg1,2,,,
6588.001517870999,0.009506153101,cfg1,2,,,
6588.101517717,0.00950919987,cfg1,2,,,
6588.201517564,0.009512247885,cfg1,2,,,
6588.301517535999,0.009515297323,cfg1,2,,,
6588.501517730001,0.009521399926,cfg1,2,,,
6588.701517174001,0.009527508103,cfg1,2,,,
6589.101517311,0.009539740086,cfg1,2,,,
6589.301517754999,0.009545864277,cfg1,2,,,
6589.601517795,0.009555060161,cfg1,2,,,
6590.001517306999,0.009567339996,cfg1,2,,,
6590.101517529001,0.009570413249,cfg1,2,,,
6590.301517722001,0.009576563697,cfg1,2,,,
6590.501517291,0.009582719436,cfg1,2,,,
6590.601517888,0.009585799193,cfg1,2,,,
6590.70151786,0.00958888042,cfg1,2,,,
6591.201517844,0.009604305728,cfg1,2,,,
6591.401517788,0.009610484943,cfg1,2,,,
6591.501516510001,0.009613576484,cfg1,2,,,
6591.601517856,0.009616669375,cfg1,2,,,
6591.701517703,0.009619763311,cfg1,2,,,
6591.8015178,0.009622858789,cfg1,2,,,
6591.901517772,0.009625955625,cfg1,2,,,
6592.001517869001,0.009629053847,cfg1,2,,,
6592.201517811999,0.009635253806,cfg1,2,,,
6592.301517784,0.009638355491,cfg1,2,,,
6592.501517353,0.009644563358,cfg1,2,,,
6592.601517825,0.009647669037,cfg1,2,,,
6592.701517546001,0.009650776157,cfg1,2,,,
6592.801517768,0.009653884612,cfg1,2,,,
6592.901516990001,0.009656993981,cfg1,2,,,
6593.001517712,0.009660105113,cfg1,2,,,
6593.101517809,0.009663217167,cfg1,2,,,
6593.401517473999,0.009672561339,cfg1,2,,,
6593.501517570999,0.009675678704,cfg1,2,,,
6593.701517265,0.009681917113,cfg1,2,,,
6593.801517236998,0.009685038209,cfg1,2,,,
6595.601517479,0.009741433893,cfg1,2,,,
6596.601517447,0.009772939513,cfg1,2,,,
6597.101517805999,0.009788738703,cfg1,2,,,
6597.301517625,0.009795067095,cfg1,2,,,
6597.401517721999,0.009798232812,cfg1,2,,,
6597.601517789999,0.009804568668,cfg1,2,,,
6597.901517456,0.00981408125,cfg1,2,,,
6598.101517525001,0.009820429167,cfg1,2,,,
6598.201517871,0.009823604771,cfg1,2,,,
6598.301517468,0.00982678177,cfg1,2,,,
6598.601517759,0.009836319915,cfg1,2,,,
6598.701517856,0.009839501832,cfg1,2,,,
6598.801517827,0.009842684669,cfg1,2,,,
6598.901517799,0.009845868952,cfg1,2,,,
6599.401517783,0.009861808169,cfg1,2,,,
6599.501517755,0.009864999697,cfg1,2,,,
6599.801517296,0.009874581149,cfg1,2,,,
6600.201517433,0.009887373206,cfg1,2,,,
6600.30151778,0.009890574275,cfg1,2,,,
6600.401517751,0.0098937766,cfg1,2,,,
6600.501517848,0.009896979676,cfg1,2,,,
6600.601517695,0.009900184415,cfg1,2,,,
6601.201517526001,0.009919436684,cfg1,2,,,
